name,expected,actual
GoodImg/Bmp/Sample001/img001-00001.png,1,1
GoodImg/Bmp/Sample001/img001-00011.png,1,1
GoodImg/Bmp/Sample001/img001-00014.png,1,1
GoodImg/Bmp/Sample001/img001-00015.png,1,1
GoodImg/Bmp/Sample001/img001-00021.png,1,1
GoodImg/Bmp/Sample001/img001-00022.png,1,50
GoodImg/Bmp/Sample001/img001-00024.png,1,1
GoodImg/Bmp/Sample001/img001-00026.png,1,1
GoodImg/Bmp/Sample001/img001-00027.png,1,1
GoodImg/Bmp/Sample001/img001-00036.png,1,1
GoodImg/Bmp/Sample001/img001-00037.png,1,1
GoodImg/Bmp/Sample001/img001-00038.png,1,1
GoodImg/Bmp/Sample001/img001-00044.png,1,1
GoodImg/Bmp/Sample001/img001-00048.png,1,1
GoodImg/Bmp/Sample001/img001-00051.png,1,51
GoodImg/Bmp/Sample001/img001-00056.png,1,1
GoodImg/Bmp/Sample001/img001-00057.png,1,1
GoodImg/Bmp/Sample001/img001-00058.png,1,1
GoodImg/Bmp/Sample001/img001-00069.png,1,1
GoodImg/Bmp/Sample001/img001-00081.png,1,31
GoodImg/Bmp/Sample001/img001-00087.png,1,1
GoodImg/Bmp/Sample001/img001-00091.png,1,1
GoodImg/Bmp/Sample001/img001-00095.png,1,1
GoodImg/Bmp/Sample001/img001-00096.png,1,27
GoodImg/Bmp/Sample001/img001-00104.png,1,51
GoodImg/Bmp/Sample002/img002-00003.png,2,2
GoodImg/Bmp/Sample002/img002-00005.png,2,45
GoodImg/Bmp/Sample002/img002-00014.png,2,2
GoodImg/Bmp/Sample002/img002-00015.png,2,2
GoodImg/Bmp/Sample002/img002-00019.png,2,2
GoodImg/Bmp/Sample002/img002-00025.png,2,2
GoodImg/Bmp/Sample002/img002-00026.png,2,2
GoodImg/Bmp/Sample002/img002-00033.png,2,2
GoodImg/Bmp/Sample002/img002-00034.png,2,2
GoodImg/Bmp/Sample002/img002-00036.png,2,2
GoodImg/Bmp/Sample002/img002-00037.png,2,2
GoodImg/Bmp/Sample002/img002-00039.png,2,2
GoodImg/Bmp/Sample002/img002-00044.png,2,2
GoodImg/Bmp/Sample002/img002-00045.png,2,5
GoodImg/Bmp/Sample002/img002-00052.png,2,19
GoodImg/Bmp/Sample002/img002-00053.png,2,47
GoodImg/Bmp/Sample002/img002-00055.png,2,2
GoodImg/Bmp/Sample002/img002-00057.png,2,36
GoodImg/Bmp/Sample002/img002-00058.png,2,37
GoodImg/Bmp/Sample002/img002-00061.png,2,44
GoodImg/Bmp/Sample002/img002-00068.png,2,2
GoodImg/Bmp/Sample002/img002-00076.png,2,2
GoodImg/Bmp/Sample003/img003-00003.png,3,3
GoodImg/Bmp/Sample003/img003-00004.png,3,3
GoodImg/Bmp/Sample003/img003-00005.png,3,3
GoodImg/Bmp/Sample003/img003-00007.png,3,3
GoodImg/Bmp/Sample003/img003-00008.png,3,3
GoodImg/Bmp/Sample003/img003-00010.png,3,3
GoodImg/Bmp/Sample003/img003-00012.png,3,3
GoodImg/Bmp/Sample003/img003-00013.png,3,3
GoodImg/Bmp/Sample003/img003-00016.png,3,36
GoodImg/Bmp/Sample003/img003-00022.png,3,3
GoodImg/Bmp/Sample003/img003-00025.png,3,3
GoodImg/Bmp/Sample003/img003-00027.png,3,3
GoodImg/Bmp/Sample003/img003-00029.png,3,3
GoodImg/Bmp/Sample003/img003-00030.png,3,45
GoodImg/Bmp/Sample003/img003-00031.png,3,3
GoodImg/Bmp/Sample003/img003-00035.png,3,3
GoodImg/Bmp/Sample003/img003-00036.png,3,3
GoodImg/Bmp/Sample003/img003-00038.png,3,3
GoodImg/Bmp/Sample003/img003-00042.png,3,3
GoodImg/Bmp/Sample003/img003-00044.png,3,3
GoodImg/Bmp/Sample003/img003-00048.png,3,3
GoodImg/Bmp/Sample003/img003-00057.png,3,3
GoodImg/Bmp/Sample003/img003-00058.png,3,3
GoodImg/Bmp/Sample003/img003-00068.png,3,3
GoodImg/Bmp/Sample003/img003-00069.png,3,3
GoodImg/Bmp/Sample003/img003-00070.png,3,3
GoodImg/Bmp/Sample004/img004-00002.png,4,4
GoodImg/Bmp/Sample004/img004-00003.png,4,4
GoodImg/Bmp/Sample004/img004-00007.png,4,4
GoodImg/Bmp/Sample004/img004-00008.png,4,4
GoodImg/Bmp/Sample004/img004-00011.png,4,4
GoodImg/Bmp/Sample004/img004-00013.png,4,4
GoodImg/Bmp/Sample004/img004-00015.png,4,4
GoodImg/Bmp/Sample004/img004-00016.png,4,4
GoodImg/Bmp/Sample004/img004-00018.png,4,4
GoodImg/Bmp/Sample004/img004-00019.png,4,4
GoodImg/Bmp/Sample004/img004-00020.png,4,4
GoodImg/Bmp/Sample004/img004-00023.png,4,4
GoodImg/Bmp/Sample004/img004-00027.png,4,4
GoodImg/Bmp/Sample004/img004-00028.png,4,4
GoodImg/Bmp/Sample004/img004-00029.png,4,4
GoodImg/Bmp/Sample004/img004-00030.png,4,9
GoodImg/Bmp/Sample004/img004-00031.png,4,4
GoodImg/Bmp/Sample004/img004-00032.png,4,4
GoodImg/Bmp/Sample004/img004-00034.png,4,4
GoodImg/Bmp/Sample004/img004-00035.png,4,4
GoodImg/Bmp/Sample004/img004-00038.png,4,7
GoodImg/Bmp/Sample004/img004-00040.png,4,4
GoodImg/Bmp/Sample004/img004-00042.png,4,4
GoodImg/Bmp/Sample004/img004-00044.png,4,9
GoodImg/Bmp/Sample004/img004-00045.png,4,4
GoodImg/Bmp/Sample004/img004-00046.png,4,4
GoodImg/Bmp/Sample004/img004-00048.png,4,4
GoodImg/Bmp/Sample004/img004-00049.png,4,9
GoodImg/Bmp/Sample005/img005-00001.png,5,5
GoodImg/Bmp/Sample005/img005-00005.png,5,5
GoodImg/Bmp/Sample005/img005-00006.png,5,5
GoodImg/Bmp/Sample005/img005-00008.png,5,5
GoodImg/Bmp/Sample005/img005-00009.png,5,5
GoodImg/Bmp/Sample005/img005-00010.png,5,5
GoodImg/Bmp/Sample005/img005-00011.png,5,5
GoodImg/Bmp/Sample005/img005-00014.png,5,5
GoodImg/Bmp/Sample005/img005-00015.png,5,5
GoodImg/Bmp/Sample005/img005-00016.png,5,5
GoodImg/Bmp/Sample005/img005-00017.png,5,5
GoodImg/Bmp/Sample005/img005-00020.png,5,5
GoodImg/Bmp/Sample005/img005-00022.png,5,5
GoodImg/Bmp/Sample005/img005-00026.png,5,5
GoodImg/Bmp/Sample005/img005-00029.png,5,5
GoodImg/Bmp/Sample005/img005-00032.png,5,5
GoodImg/Bmp/Sample005/img005-00033.png,5,11
GoodImg/Bmp/Sample005/img005-00034.png,5,5
GoodImg/Bmp/Sample005/img005-00035.png,5,5
GoodImg/Bmp/Sample005/img005-00039.png,5,11
GoodImg/Bmp/Sample005/img005-00040.png,5,5
GoodImg/Bmp/Sample005/img005-00041.png,5,5
GoodImg/Bmp/Sample005/img005-00045.png,5,43
GoodImg/Bmp/Sample005/img005-00046.png,5,11
GoodImg/Bmp/Sample006/img006-00003.png,6,6
GoodImg/Bmp/Sample006/img006-00007.png,6,6
GoodImg/Bmp/Sample006/img006-00009.png,6,6
GoodImg/Bmp/Sample006/img006-00010.png,6,6
GoodImg/Bmp/Sample006/img006-00011.png,6,6
GoodImg/Bmp/Sample006/img006-00015.png,6,6
GoodImg/Bmp/Sample006/img006-00018.png,6,6
GoodImg/Bmp/Sample006/img006-00019.png,6,6
GoodImg/Bmp/Sample006/img006-00020.png,6,6
GoodImg/Bmp/Sample006/img006-00021.png,6,6
GoodImg/Bmp/Sample006/img006-00023.png,6,6
GoodImg/Bmp/Sample006/img006-00026.png,6,6
GoodImg/Bmp/Sample006/img006-00028.png,6,6
GoodImg/Bmp/Sample006/img006-00031.png,6,55
GoodImg/Bmp/Sample006/img006-00035.png,6,7
GoodImg/Bmp/Sample006/img006-00037.png,6,6
GoodImg/Bmp/Sample006/img006-00038.png,6,6
GoodImg/Bmp/Sample006/img006-00039.png,6,6
GoodImg/Bmp/Sample006/img006-00040.png,6,6
GoodImg/Bmp/Sample006/img006-00044.png,6,6
GoodImg/Bmp/Sample006/img006-00045.png,6,6
GoodImg/Bmp/Sample006/img006-00046.png,6,6
GoodImg/Bmp/Sample006/img006-00047.png,6,6
GoodImg/Bmp/Sample006/img006-00048.png,6,6
GoodImg/Bmp/Sample006/img006-00049.png,6,7
GoodImg/Bmp/Sample006/img006-00056.png,6,37
GoodImg/Bmp/Sample006/img006-00058.png,6,6
GoodImg/Bmp/Sample006/img006-00062.png,6,6
GoodImg/Bmp/Sample007/img007-00002.png,7,7
GoodImg/Bmp/Sample007/img007-00004.png,7,7
GoodImg/Bmp/Sample007/img007-00006.png,7,7
GoodImg/Bmp/Sample007/img007-00007.png,7,7
GoodImg/Bmp/Sample007/img007-00010.png,7,7
GoodImg/Bmp/Sample007/img007-00013.png,7,41
GoodImg/Bmp/Sample007/img007-00017.png,7,7
GoodImg/Bmp/Sample007/img007-00018.png,7,7
GoodImg/Bmp/Sample007/img007-00022.png,7,40
GoodImg/Bmp/Sample007/img007-00023.png,7,7
GoodImg/Bmp/Sample007/img007-00028.png,7,7
GoodImg/Bmp/Sample007/img007-00029.png,7,7
GoodImg/Bmp/Sample007/img007-00032.png,7,7
GoodImg/Bmp/Sample007/img007-00034.png,7,7
GoodImg/Bmp/Sample007/img007-00037.png,7,7
GoodImg/Bmp/Sample007/img007-00038.png,7,17
GoodImg/Bmp/Sample007/img007-00041.png,7,7
GoodImg/Bmp/Sample007/img007-00048.png,7,7
GoodImg/Bmp/Sample007/img007-00050.png,7,7
GoodImg/Bmp/Sample007/img007-00051.png,7,7
GoodImg/Bmp/Sample007/img007-00052.png,7,7
GoodImg/Bmp/Sample007/img007-00053.png,7,7
GoodImg/Bmp/Sample007/img007-00054.png,7,7
GoodImg/Bmp/Sample007/img007-00055.png,7,7
GoodImg/Bmp/Sample007/img007-00057.png,7,6
GoodImg/Bmp/Sample007/img007-00063.png,7,17
GoodImg/Bmp/Sample008/img008-00003.png,8,8
GoodImg/Bmp/Sample008/img008-00004.png,8,8
GoodImg/Bmp/Sample008/img008-00005.png,8,8
GoodImg/Bmp/Sample008/img008-00008.png,8,8
GoodImg/Bmp/Sample008/img008-00010.png,8,8
GoodImg/Bmp/Sample008/img008-00011.png,8,8
GoodImg/Bmp/Sample008/img008-00013.png,8,8
GoodImg/Bmp/Sample008/img008-00015.png,8,8
GoodImg/Bmp/Sample008/img008-00016.png,8,8
GoodImg/Bmp/Sample008/img008-00017.png,8,8
GoodImg/Bmp/Sample008/img008-00018.png,8,8
GoodImg/Bmp/Sample008/img008-00019.png,8,8
GoodImg/Bmp/Sample008/img008-00020.png,8,8
GoodImg/Bmp/Sample008/img008-00022.png,8,8
GoodImg/Bmp/Sample008/img008-00023.png,8,8
GoodImg/Bmp/Sample008/img008-00024.png,8,8
GoodImg/Bmp/Sample008/img008-00025.png,8,8
GoodImg/Bmp/Sample008/img008-00027.png,8,8
GoodImg/Bmp/Sample008/img008-00030.png,8,8
GoodImg/Bmp/Sample008/img008-00033.png,8,8
GoodImg/Bmp/Sample008/img008-00038.png,8,8
GoodImg/Bmp/Sample008/img008-00039.png,8,8
GoodImg/Bmp/Sample008/img008-00040.png,8,8
GoodImg/Bmp/Sample008/img008-00042.png,8,8
GoodImg/Bmp/Sample008/img008-00045.png,8,8
GoodImg/Bmp/Sample008/img008-00047.png,8,8
GoodImg/Bmp/Sample008/img008-00048.png,8,8
GoodImg/Bmp/Sample009/img009-00001.png,9,9
GoodImg/Bmp/Sample009/img009-00002.png,9,9
GoodImg/Bmp/Sample009/img009-00003.png,9,9
GoodImg/Bmp/Sample009/img009-00004.png,9,9
GoodImg/Bmp/Sample009/img009-00005.png,9,9
GoodImg/Bmp/Sample009/img009-00006.png,9,9
GoodImg/Bmp/Sample009/img009-00007.png,9,9
GoodImg/Bmp/Sample009/img009-00008.png,9,9
GoodImg/Bmp/Sample009/img009-00009.png,9,9
GoodImg/Bmp/Sample009/img009-00010.png,9,9
GoodImg/Bmp/Sample009/img009-00012.png,9,9
GoodImg/Bmp/Sample009/img009-00014.png,9,12
GoodImg/Bmp/Sample009/img009-00015.png,9,9
GoodImg/Bmp/Sample009/img009-00016.png,9,9
GoodImg/Bmp/Sample009/img009-00017.png,9,9
GoodImg/Bmp/Sample009/img009-00018.png,9,9
GoodImg/Bmp/Sample009/img009-00021.png,9,9
GoodImg/Bmp/Sample009/img009-00022.png,9,9
GoodImg/Bmp/Sample009/img009-00023.png,9,9
GoodImg/Bmp/Sample009/img009-00024.png,9,12
GoodImg/Bmp/Sample009/img009-00025.png,9,9
GoodImg/Bmp/Sample009/img009-00027.png,9,29
GoodImg/Bmp/Sample009/img009-00028.png,9,9
GoodImg/Bmp/Sample009/img009-00030.png,9,9
GoodImg/Bmp/Sample009/img009-00031.png,9,9
GoodImg/Bmp/Sample009/img009-00032.png,9,12
GoodImg/Bmp/Sample010/img010-00001.png,10,10
GoodImg/Bmp/Sample010/img010-00002.png,10,10
GoodImg/Bmp/Sample010/img010-00003.png,10,10
GoodImg/Bmp/Sample010/img010-00004.png,10,10
GoodImg/Bmp/Sample010/img010-00006.png,10,10
GoodImg/Bmp/Sample010/img010-00007.png,10,37
GoodImg/Bmp/Sample010/img010-00010.png,10,10
GoodImg/Bmp/Sample010/img010-00013.png,10,10
GoodImg/Bmp/Sample010/img010-00014.png,10,35
GoodImg/Bmp/Sample010/img010-00015.png,10,29
GoodImg/Bmp/Sample010/img010-00018.png,10,10
GoodImg/Bmp/Sample010/img010-00019.png,10,10
GoodImg/Bmp/Sample010/img010-00020.png,10,10
GoodImg/Bmp/Sample010/img010-00022.png,10,43
GoodImg/Bmp/Sample010/img010-00024.png,10,53
GoodImg/Bmp/Sample010/img010-00025.png,10,43
GoodImg/Bmp/Sample010/img010-00026.png,10,10
GoodImg/Bmp/Sample010/img010-00027.png,10,10
GoodImg/Bmp/Sample010/img010-00028.png,10,43
GoodImg/Bmp/Sample010/img010-00033.png,10,10
GoodImg/Bmp/Sample010/img010-00034.png,10,10
GoodImg/Bmp/Sample011/img011-00030.png,11,11
GoodImg/Bmp/Sample011/img011-00044.png,11,11
GoodImg/Bmp/Sample011/img011-00055.png,11,11
GoodImg/Bmp/Sample011/img011-00065.png,11,11
GoodImg/Bmp/Sample011/img011-00068.png,11,11
GoodImg/Bmp/Sample011/img011-00104.png,11,11
GoodImg/Bmp/Sample011/img011-00132.png,11,11
GoodImg/Bmp/Sample011/img011-00135.png,11,11
GoodImg/Bmp/Sample011/img011-00184.png,11,11
GoodImg/Bmp/Sample011/img011-00188.png,11,11
GoodImg/Bmp/Sample011/img011-00271.png,11,19
GoodImg/Bmp/Sample011/img011-00275.png,11,11
GoodImg/Bmp/Sample011/img011-00288.png,11,11
GoodImg/Bmp/Sample011/img011-00299.png,11,11
GoodImg/Bmp/Sample011/img011-00320.png,11,11
GoodImg/Bmp/Sample011/img011-00326.png,11,11
GoodImg/Bmp/Sample011/img011-00328.png,11,11
GoodImg/Bmp/Sample011/img011-00384.png,11,11
GoodImg/Bmp/Sample011/img011-00386.png,11,11
GoodImg/Bmp/Sample011/img011-00402.png,11,11
GoodImg/Bmp/Sample011/img011-00411.png,11,59
GoodImg/Bmp/Sample011/img011-00412.png,11,11
GoodImg/Bmp/Sample011/img011-00474.png,11,53
GoodImg/Bmp/Sample011/img011-00539.png,11,11
GoodImg/Bmp/Sample011/img011-00558.png,11,11
GoodImg/Bmp/Sample012/img012-00009.png,12,12
GoodImg/Bmp/Sample012/img012-00010.png,12,28
GoodImg/Bmp/Sample012/img012-00011.png,12,12
GoodImg/Bmp/Sample012/img012-00019.png,12,12
GoodImg/Bmp/Sample012/img012-00030.png,12,21
GoodImg/Bmp/Sample012/img012-00037.png,12,15
GoodImg/Bmp/Sample012/img012-00039.png,12,12
GoodImg/Bmp/Sample012/img012-00050.png,12,12
GoodImg/Bmp/Sample012/img012-00052.png,12,7
GoodImg/Bmp/Sample012/img012-00054.png,12,12
GoodImg/Bmp/Sample012/img012-00055.png,12,12
GoodImg/Bmp/Sample012/img012-00071.png,12,12
GoodImg/Bmp/Sample012/img012-00074.png,12,12
GoodImg/Bmp/Sample012/img012-00083.png,12,12
GoodImg/Bmp/Sample012/img012-00085.png,12,12
GoodImg/Bmp/Sample012/img012-00087.png,12,12
GoodImg/Bmp/Sample012/img012-00093.png,12,12
GoodImg/Bmp/Sample012/img012-00095.png,12,21
GoodImg/Bmp/Sample012/img012-00096.png,12,12
GoodImg/Bmp/Sample012/img012-00100.png,12,26
GoodImg/Bmp/Sample012/img012-00101.png,12,25
GoodImg/Bmp/Sample012/img012-00102.png,12,12
GoodImg/Bmp/Sample012/img012-00105.png,12,12
GoodImg/Bmp/Sample012/img012-00112.png,12,15
GoodImg/Bmp/Sample013/img013-00010.png,13,13
GoodImg/Bmp/Sample013/img013-00011.png,13,13
GoodImg/Bmp/Sample013/img013-00023.png,13,17
GoodImg/Bmp/Sample013/img013-00030.png,13,13
GoodImg/Bmp/Sample013/img013-00044.png,13,39
GoodImg/Bmp/Sample013/img013-00049.png,13,39
GoodImg/Bmp/Sample013/img013-00052.png,13,39
GoodImg/Bmp/Sample013/img013-00053.png,13,39
GoodImg/Bmp/Sample013/img013-00064.png,13,13
GoodImg/Bmp/Sample013/img013-00066.png,13,41
GoodImg/Bmp/Sample013/img013-00067.png,13,13
GoodImg/Bmp/Sample013/img013-00072.png,13,39
GoodImg/Bmp/Sample013/img013-00089.png,13,13
GoodImg/Bmp/Sample013/img013-00093.png,13,39
GoodImg/Bmp/Sample013/img013-00101.png,13,13
GoodImg/Bmp/Sample013/img013-00111.png,13,13
GoodImg/Bmp/Sample013/img013-00120.png,13,13
GoodImg/Bmp/Sample013/img013-00126.png,13,13
GoodImg/Bmp/Sample013/img013-00127.png,13,13
GoodImg/Bmp/Sample013/img013-00132.png,13,39
GoodImg/Bmp/Sample013/img013-00143.png,13,13
GoodImg/Bmp/Sample013/img013-00170.png,13,13
GoodImg/Bmp/Sample013/img013-00207.png,13,13
GoodImg/Bmp/Sample013/img013-00209.png,13,13
GoodImg/Bmp/Sample014/img014-00001.png,14,14
GoodImg/Bmp/Sample014/img014-00028.png,14,14
GoodImg/Bmp/Sample014/img014-00033.png,14,14
GoodImg/Bmp/Sample014/img014-00041.png,14,14
GoodImg/Bmp/Sample014/img014-00048.png,14,14
GoodImg/Bmp/Sample014/img014-00055.png,14,14
GoodImg/Bmp/Sample014/img014-00060.png,14,14
GoodImg/Bmp/Sample014/img014-00069.png,14,27
GoodImg/Bmp/Sample014/img014-00092.png,14,14
GoodImg/Bmp/Sample014/img014-00093.png,14,14
GoodImg/Bmp/Sample014/img014-00094.png,14,14
GoodImg/Bmp/Sample014/img014-00095.png,14,14
GoodImg/Bmp/Sample014/img014-00101.png,14,14
GoodImg/Bmp/Sample014/img014-00106.png,14,14
GoodImg/Bmp/Sample014/img014-00115.png,14,14
GoodImg/Bmp/Sample014/img014-00116.png,14,14
GoodImg/Bmp/Sample014/img014-00122.png,14,19
GoodImg/Bmp/Sample014/img014-00143.png,14,14
GoodImg/Bmp/Sample014/img014-00146.png,14,14
GoodImg/Bmp/Sample014/img014-00158.png,14,14
GoodImg/Bmp/Sample014/img014-00159.png,14,14
GoodImg/Bmp/Sample014/img014-00183.png,14,14
GoodImg/Bmp/Sample014/img014-00188.png,14,14
GoodImg/Bmp/Sample015/img015-00032.png,15,15
GoodImg/Bmp/Sample015/img015-00049.png,15,15
GoodImg/Bmp/Sample015/img015-00050.png,15,15
GoodImg/Bmp/Sample015/img015-00062.png,15,15
GoodImg/Bmp/Sample015/img015-00084.png,15,15
GoodImg/Bmp/Sample015/img015-00090.png,15,15
GoodImg/Bmp/Sample015/img015-00093.png,15,15
GoodImg/Bmp/Sample015/img015-00124.png,15,15
GoodImg/Bmp/Sample015/img015-00130.png,15,15
GoodImg/Bmp/Sample015/img015-00132.png,15,15
GoodImg/Bmp/Sample015/img015-00156.png,15,15
GoodImg/Bmp/Sample015/img015-00167.png,15,15
GoodImg/Bmp/Sample015/img015-00177.png,15,15
GoodImg/Bmp/Sample015/img015-00190.png,15,15
GoodImg/Bmp/Sample015/img015-00194.png,15,15
GoodImg/Bmp/Sample015/img015-00207.png,15,15
GoodImg/Bmp/Sample015/img015-00212.png,15,16
GoodImg/Bmp/Sample015/img015-00274.png,15,18
GoodImg/Bmp/Sample015/img015-00324.png,15,15
GoodImg/Bmp/Sample015/img015-00327.png,15,15
GoodImg/Bmp/Sample015/img015-00347.png,15,50
GoodImg/Bmp/Sample015/img015-00368.png,15,15
GoodImg/Bmp/Sample015/img015-00372.png,15,15
GoodImg/Bmp/Sample015/img015-00410.png,15,15
GoodImg/Bmp/Sample015/img015-00446.png,15,15
GoodImg/Bmp/Sample016/img016-00004.png,16,26
GoodImg/Bmp/Sample016/img016-00007.png,16,16
GoodImg/Bmp/Sample016/img016-00013.png,16,16
GoodImg/Bmp/Sample016/img016-00019.png,16,16
GoodImg/Bmp/Sample016/img016-00020.png,16,16
GoodImg/Bmp/Sample016/img016-00022.png,16,16
GoodImg/Bmp/Sample016/img016-00024.png,16,16
GoodImg/Bmp/Sample016/img016-00027.png,16,16
GoodImg/Bmp/Sample016/img016-00028.png,16,16
GoodImg/Bmp/Sample016/img016-00035.png,16,16
GoodImg/Bmp/Sample016/img016-00036.png,16,16
GoodImg/Bmp/Sample016/img016-00039.png,16,16
GoodImg/Bmp/Sample016/img016-00040.png,16,16
GoodImg/Bmp/Sample016/img016-00046.png,16,16
GoodImg/Bmp/Sample016/img016-00049.png,16,16
GoodImg/Bmp/Sample016/img016-00052.png,16,26
GoodImg/Bmp/Sample016/img016-00058.png,16,16
GoodImg/Bmp/Sample016/img016-00060.png,16,16
GoodImg/Bmp/Sample016/img016-00062.png,16,26
GoodImg/Bmp/Sample016/img016-00063.png,16,16
GoodImg/Bmp/Sample016/img016-00066.png,16,16
GoodImg/Bmp/Sample016/img016-00068.png,16,16
GoodImg/Bmp/Sample016/img016-00070.png,16,16
GoodImg/Bmp/Sample016/img016-00077.png,16,16
GoodImg/Bmp/Sample016/img016-00078.png,16,16
GoodImg/Bmp/Sample017/img017-00005.png,17,17
GoodImg/Bmp/Sample017/img017-00011.png,17,17
GoodImg/Bmp/Sample017/img017-00013.png,17,17
GoodImg/Bmp/Sample017/img017-00023.png,17,39
GoodImg/Bmp/Sample017/img017-00028.png,17,17
GoodImg/Bmp/Sample017/img017-00032.png,17,6
GoodImg/Bmp/Sample017/img017-00040.png,17,17
GoodImg/Bmp/Sample017/img017-00042.png,17,17
GoodImg/Bmp/Sample017/img017-00055.png,17,7
GoodImg/Bmp/Sample017/img017-00057.png,17,17
GoodImg/Bmp/Sample017/img017-00065.png,17,7
GoodImg/Bmp/Sample017/img017-00067.png,17,17
GoodImg/Bmp/Sample017/img017-00069.png,17,17
GoodImg/Bmp/Sample017/img017-00070.png,17,17
GoodImg/Bmp/Sample017/img017-00076.png,17,17
GoodImg/Bmp/Sample017/img017-00080.png,17,17
GoodImg/Bmp/Sample017/img017-00086.png,17,17
GoodImg/Bmp/Sample017/img017-00101.png,17,17
GoodImg/Bmp/Sample017/img017-00106.png,17,7
GoodImg/Bmp/Sample017/img017-00115.png,17,7
GoodImg/Bmp/Sample017/img017-00120.png,17,17
GoodImg/Bmp/Sample017/img017-00138.png,17,17
GoodImg/Bmp/Sample018/img018-00011.png,18,40
GoodImg/Bmp/Sample018/img018-00024.png,18,18
GoodImg/Bmp/Sample018/img018-00047.png,18,18
GoodImg/Bmp/Sample018/img018-00050.png,18,18
GoodImg/Bmp/Sample018/img018-00051.png,18,18
GoodImg/Bmp/Sample018/img018-00056.png,18,18
GoodImg/Bmp/Sample018/img018-00059.png,18,18
GoodImg/Bmp/Sample018/img018-00061.png,18,18
GoodImg/Bmp/Sample018/img018-00072.png,18,18
GoodImg/Bmp/Sample018/img018-00091.png,18,18
GoodImg/Bmp/Sample018/img018-00100.png,18,48
GoodImg/Bmp/Sample018/img018-00122.png,18,18
GoodImg/Bmp/Sample018/img018-00131.png,18,42
GoodImg/Bmp/Sample018/img018-00139.png,18,18
GoodImg/Bmp/Sample018/img018-00143.png,18,18
GoodImg/Bmp/Sample018/img018-00144.png,18,18
GoodImg/Bmp/Sample018/img018-00156.png,18,28
GoodImg/Bmp/Sample018/img018-00159.png,18,49
GoodImg/Bmp/Sample018/img018-00171.png,18,18
GoodImg/Bmp/Sample018/img018-00179.png,18,57
GoodImg/Bmp/Sample018/img018-00182.png,18,18
GoodImg/Bmp/Sample019/img019-00030.png,19,19
GoodImg/Bmp/Sample019/img019-00037.png,19,48
GoodImg/Bmp/Sample019/img019-00066.png,19,19
GoodImg/Bmp/Sample019/img019-00070.png,19,19
GoodImg/Bmp/Sample019/img019-00081.png,19,19
GoodImg/Bmp/Sample019/img019-00083.png,19,19
GoodImg/Bmp/Sample019/img019-00093.png,19,2
GoodImg/Bmp/Sample019/img019-00100.png,19,31
GoodImg/Bmp/Sample019/img019-00119.png,19,48
GoodImg/Bmp/Sample019/img019-00122.png,19,19
GoodImg/Bmp/Sample019/img019-00123.png,19,19
GoodImg/Bmp/Sample019/img019-00131.png,19,19
GoodImg/Bmp/Sample019/img019-00147.png,19,19
GoodImg/Bmp/Sample019/img019-00155.png,19,2
GoodImg/Bmp/Sample019/img019-00173.png,19,48
GoodImg/Bmp/Sample019/img019-00183.png,19,48
GoodImg/Bmp/Sample019/img019-00215.png,19,50
GoodImg/Bmp/Sample019/img019-00238.png,19,48
GoodImg/Bmp/Sample019/img019-00259.png,19,19
GoodImg/Bmp/Sample019/img019-00277.png,19,48
GoodImg/Bmp/Sample019/img019-00281.png,19,19
GoodImg/Bmp/Sample019/img019-00285.png,19,48
GoodImg/Bmp/Sample020/img020-00001.png,20,20
GoodImg/Bmp/Sample020/img020-00004.png,20,20
GoodImg/Bmp/Sample020/img020-00009.png,20,46
GoodImg/Bmp/Sample020/img020-00010.png,20,20
GoodImg/Bmp/Sample020/img020-00013.png,20,19
GoodImg/Bmp/Sample020/img020-00020.png,20,20
GoodImg/Bmp/Sample020/img020-00021.png,20,20
GoodImg/Bmp/Sample020/img020-00022.png,20,62
GoodImg/Bmp/Sample020/img020-00024.png,20,20
GoodImg/Bmp/Sample020/img020-00028.png,20,20
GoodImg/Bmp/Sample020/img020-00035.png,20,46
GoodImg/Bmp/Sample020/img020-00038.png,20,20
GoodImg/Bmp/Sample020/img020-00040.png,20,14
GoodImg/Bmp/Sample020/img020-00043.png,20,53
GoodImg/Bmp/Sample020/img020-00044.png,20,31
GoodImg/Bmp/Sample020/img020-00047.png,20,20
GoodImg/Bmp/Sample020/img020-00049.png,20,46
GoodImg/Bmp/Sample020/img020-00053.png,20,20
GoodImg/Bmp/Sample020/img020-00054.png,20,20
GoodImg/Bmp/Sample020/img020-00058.png,20,20
GoodImg/Bmp/Sample020/img020-00059.png,20,25
GoodImg/Bmp/Sample020/img020-00060.png,20,24
GoodImg/Bmp/Sample020/img020-00071.png,20,20
GoodImg/Bmp/Sample020/img020-00072.png,20,20
GoodImg/Bmp/Sample020/img020-00073.png,20,20
GoodImg/Bmp/Sample020/img020-00075.png,20,20
GoodImg/Bmp/Sample021/img021-00007.png,21,21
GoodImg/Bmp/Sample021/img021-00008.png,21,21
GoodImg/Bmp/Sample021/img021-00011.png,21,44
GoodImg/Bmp/Sample021/img021-00018.png,21,21
GoodImg/Bmp/Sample021/img021-00019.png,21,21
GoodImg/Bmp/Sample021/img021-00022.png,21,21
GoodImg/Bmp/Sample021/img021-00024.png,21,21
GoodImg/Bmp/Sample021/img021-00028.png,21,21
GoodImg/Bmp/Sample021/img021-00040.png,21,21
GoodImg/Bmp/Sample021/img021-00042.png,21,21
GoodImg/Bmp/Sample021/img021-00044.png,21,21
GoodImg/Bmp/Sample021/img021-00045.png,21,21
GoodImg/Bmp/Sample021/img021-00050.png,21,21
GoodImg/Bmp/Sample021/img021-00052.png,21,21
GoodImg/Bmp/Sample021/img021-00058.png,21,21
GoodImg/Bmp/Sample021/img021-00062.png,21,21
GoodImg/Bmp/Sample021/img021-00067.png,21,47
GoodImg/Bmp/Sample021/img021-00068.png,21,21
GoodImg/Bmp/Sample021/img021-00070.png,21,47
GoodImg/Bmp/Sample021/img021-00076.png,21,34
GoodImg/Bmp/Sample021/img021-00078.png,21,21
GoodImg/Bmp/Sample021/img021-00081.png,21,21
GoodImg/Bmp/Sample021/img021-00089.png,21,21
GoodImg/Bmp/Sample021/img021-00090.png,21,21
GoodImg/Bmp/Sample021/img021-00091.png,21,28
GoodImg/Bmp/Sample022/img022-00013.png,22,22
GoodImg/Bmp/Sample022/img022-00014.png,22,22
GoodImg/Bmp/Sample022/img022-00017.png,22,22
GoodImg/Bmp/Sample022/img022-00023.png,22,22
GoodImg/Bmp/Sample022/img022-00042.png,22,22
GoodImg/Bmp/Sample022/img022-00068.png,22,22
GoodImg/Bmp/Sample022/img022-00080.png,22,22
GoodImg/Bmp/Sample022/img022-00090.png,22,22
GoodImg/Bmp/Sample022/img022-00110.png,22,22
GoodImg/Bmp/Sample022/img022-00132.png,22,3
GoodImg/Bmp/Sample022/img022-00141.png,22,22
GoodImg/Bmp/Sample022/img022-00157.png,22,22
GoodImg/Bmp/Sample022/img022-00161.png,22,22
GoodImg/Bmp/Sample022/img022-00173.png,22,22
GoodImg/Bmp/Sample022/img022-00176.png,22,22
GoodImg/Bmp/Sample022/img022-00178.png,22,22
GoodImg/Bmp/Sample022/img022-00184.png,22,22
GoodImg/Bmp/Sample022/img022-00206.png,22,22
GoodImg/Bmp/Sample022/img022-00208.png,22,22
GoodImg/Bmp/Sample022/img022-00214.png,22,22
GoodImg/Bmp/Sample022/img022-00215.png,22,22
GoodImg/Bmp/Sample023/img023-00004.png,23,23
GoodImg/Bmp/Sample023/img023-00005.png,23,23
GoodImg/Bmp/Sample023/img023-00016.png,23,23
GoodImg/Bmp/Sample023/img023-00020.png,23,23
GoodImg/Bmp/Sample023/img023-00029.png,23,49
GoodImg/Bmp/Sample023/img023-00050.png,23,23
GoodImg/Bmp/Sample023/img023-00052.png,23,23
GoodImg/Bmp/Sample023/img023-00054.png,23,23
GoodImg/Bmp/Sample023/img023-00059.png,23,23
GoodImg/Bmp/Sample023/img023-00062.png,23,23
GoodImg/Bmp/Sample023/img023-00074.png,23,23
GoodImg/Bmp/Sample023/img023-00079.png,23,23
GoodImg/Bmp/Sample023/img023-00084.png,23,23
GoodImg/Bmp/Sample023/img023-00092.png,23,23
GoodImg/Bmp/Sample023/img023-00093.png,23,23
GoodImg/Bmp/Sample023/img023-00099.png,23,23
GoodImg/Bmp/Sample023/img023-00102.png,23,23
GoodImg/Bmp/Sample023/img023-00105.png,23,23
GoodImg/Bmp/Sample023/img023-00115.png,23,23
GoodImg/Bmp/Sample023/img023-00125.png,23,23
GoodImg/Bmp/Sample023/img023-00127.png,23,31
GoodImg/Bmp/Sample023/img023-00128.png,23,23
GoodImg/Bmp/Sample023/img023-00131.png,23,23
GoodImg/Bmp/Sample023/img023-00134.png,23,23
GoodImg/Bmp/Sample023/img023-00141.png,23,59
GoodImg/Bmp/Sample023/img023-00144.png,23,23
GoodImg/Bmp/Sample024/img024-00002.png,24,24
GoodImg/Bmp/Sample024/img024-00030.png,24,24
GoodImg/Bmp/Sample024/img024-00033.png,24,24
GoodImg/Bmp/Sample024/img024-00058.png,24,24
GoodImg/Bmp/Sample024/img024-00100.png,24,24
GoodImg/Bmp/Sample024/img024-00116.png,24,24
GoodImg/Bmp/Sample024/img024-00167.png,24,24
GoodImg/Bmp/Sample024/img024-00171.png,24,24
GoodImg/Bmp/Sample024/img024-00176.png,24,24
GoodImg/Bmp/Sample024/img024-00183.png,24,24
GoodImg/Bmp/Sample024/img024-00193.png,24,24
GoodImg/Bmp/Sample024/img024-00208.png,24,24
GoodImg/Bmp/Sample024/img024-00211.png,24,24
GoodImg/Bmp/Sample024/img024-00220.png,24,24
GoodImg/Bmp/Sample024/img024-00221.png,24,24
GoodImg/Bmp/Sample024/img024-00230.png,24,24
GoodImg/Bmp/Sample024/img024-00250.png,24,24
GoodImg/Bmp/Sample024/img024-00252.png,24,19
GoodImg/Bmp/Sample024/img024-00264.png,24,53
GoodImg/Bmp/Sample024/img024-00287.png,24,24
GoodImg/Bmp/Sample024/img024-00301.png,24,24
GoodImg/Bmp/Sample024/img024-00341.png,24,24
GoodImg/Bmp/Sample024/img024-00344.png,24,24
GoodImg/Bmp/Sample025/img025-00029.png,25,27
GoodImg/Bmp/Sample025/img025-00049.png,25,27
GoodImg/Bmp/Sample025/img025-00054.png,25,1
GoodImg/Bmp/Sample025/img025-00055.png,25,25
GoodImg/Bmp/Sample025/img025-00066.png,25,25
GoodImg/Bmp/Sample025/img025-00085.png,25,25
GoodImg/Bmp/Sample025/img025-00123.png,25,51
GoodImg/Bmp/Sample025/img025-00145.png,25,1
GoodImg/Bmp/Sample025/img025-00155.png,25,27
GoodImg/Bmp/Sample025/img025-00164.png,25,1
GoodImg/Bmp/Sample025/img025-00184.png,25,1
GoodImg/Bmp/Sample025/img025-00197.png,25,1
GoodImg/Bmp/Sample025/img025-00207.png,25,25
GoodImg/Bmp/Sample025/img025-00214.png,25,10
GoodImg/Bmp/Sample025/img025-00231.png,25,25
GoodImg/Bmp/Sample025/img025-00239.png,25,1
GoodImg/Bmp/Sample025/img025-00247.png,25,51
GoodImg/Bmp/Sample025/img025-00278.png,25,25
GoodImg/Bmp/Sample025/img025-00283.png,25,25
GoodImg/Bmp/Sample025/img025-00299.png,25,14
GoodImg/Bmp/Sample025/img025-00310.png,25,53
GoodImg/Bmp/Sample025/img025-00327.png,25,25
GoodImg/Bmp/Sample025/img025-00339.png,25,51
GoodImg/Bmp/Sample026/img026-00003.png,26,26
GoodImg/Bmp/Sample026/img026-00004.png,26,26
GoodImg/Bmp/Sample026/img026-00006.png,26,26
GoodImg/Bmp/Sample026/img026-00011.png,26,57
GoodImg/Bmp/Sample026/img026-00021.png,26,26
GoodImg/Bmp/Sample026/img026-00025.png,26,26
GoodImg/Bmp/Sample026/img026-00028.png,26,26
GoodImg/Bmp/Sample026/img026-00032.png,26,26
GoodImg/Bmp/Sample026/img026-00034.png,26,26
GoodImg/Bmp/Sample026/img026-00045.png,26,26
GoodImg/Bmp/Sample026/img026-00051.png,26,52
GoodImg/Bmp/Sample026/img026-00058.png,26,26
GoodImg/Bmp/Sample026/img026-00075.png,26,26
GoodImg/Bmp/Sample026/img026-00089.png,26,52
GoodImg/Bmp/Sample026/img026-00092.png,26,26
GoodImg/Bmp/Sample026/img026-00095.png,26,26
GoodImg/Bmp/Sample026/img026-00101.png,26,26
GoodImg/Bmp/Sample026/img026-00102.png,26,26
GoodImg/Bmp/Sample026/img026-00116.png,26,26
GoodImg/Bmp/Sample026/img026-00126.png,26,26
GoodImg/Bmp/Sample026/img026-00128.png,26,26
GoodImg/Bmp/Sample026/img026-00131.png,26,26
GoodImg/Bmp/Sample026/img026-00133.png,26,52
GoodImg/Bmp/Sample026/img026-00140.png,26,26
GoodImg/Bmp/Sample026/img026-00153.png,26,26
GoodImg/Bmp/Sample026/img026-00156.png,26,26
GoodImg/Bmp/Sample027/img027-00001.png,27,27
GoodImg/Bmp/Sample027/img027-00003.png,27,53
GoodImg/Bmp/Sample027/img027-00004.png,27,27
GoodImg/Bmp/Sample027/img027-00006.png,27,27
GoodImg/Bmp/Sample027/img027-00007.png,27,27
GoodImg/Bmp/Sample027/img027-00008.png,27,27
GoodImg/Bmp/Sample027/img027-00010.png,27,27
GoodImg/Bmp/Sample027/img027-00011.png,27,31
GoodImg/Bmp/Sample027/img027-00012.png,27,25
GoodImg/Bmp/Sample027/img027-00013.png,27,27
GoodImg/Bmp/Sample027/img027-00014.png,27,27
GoodImg/Bmp/Sample027/img027-00015.png,27,27
GoodImg/Bmp/Sample027/img027-00016.png,27,53
GoodImg/Bmp/Sample027/img027-00018.png,27,24
GoodImg/Bmp/Sample027/img027-00019.png,27,51
GoodImg/Bmp/Sample027/img027-00020.png,27,27
GoodImg/Bmp/Sample027/img027-00021.png,27,51
GoodImg/Bmp/Sample027/img027-00022.png,27,27
GoodImg/Bmp/Sample027/img027-00023.png,27,27
GoodImg/Bmp/Sample027/img027-00024.png,27,27
GoodImg/Bmp/Sample027/img027-00025.png,27,27
GoodImg/Bmp/Sample027/img027-00026.png,27,27
GoodImg/Bmp/Sample027/img027-00027.png,27,25
GoodImg/Bmp/Sample027/img027-00028.png,27,27
GoodImg/Bmp/Sample027/img027-00029.png,27,27
GoodImg/Bmp/Sample027/img027-00030.png,27,27
GoodImg/Bmp/Sample027/img027-00031.png,27,25
GoodImg/Bmp/Sample027/img027-00032.png,27,27
GoodImg/Bmp/Sample027/img027-00034.png,27,27
GoodImg/Bmp/Sample027/img027-00035.png,27,27
GoodImg/Bmp/Sample028/img028-00017.png,28,28
GoodImg/Bmp/Sample028/img028-00046.png,28,28
GoodImg/Bmp/Sample028/img028-00057.png,28,28
GoodImg/Bmp/Sample028/img028-00063.png,28,28
GoodImg/Bmp/Sample028/img028-00079.png,28,18
GoodImg/Bmp/Sample028/img028-00083.png,28,28
GoodImg/Bmp/Sample028/img028-00095.png,28,28
GoodImg/Bmp/Sample028/img028-00097.png,28,28
GoodImg/Bmp/Sample028/img028-00123.png,28,15
GoodImg/Bmp/Sample028/img028-00124.png,28,52
GoodImg/Bmp/Sample028/img028-00130.png,28,28
GoodImg/Bmp/Sample028/img028-00141.png,28,28
GoodImg/Bmp/Sample028/img028-00143.png,28,28
GoodImg/Bmp/Sample028/img028-00144.png,28,28
GoodImg/Bmp/Sample028/img028-00156.png,28,28
GoodImg/Bmp/Sample028/img028-00163.png,28,28
GoodImg/Bmp/Sample028/img028-00179.png,28,28
GoodImg/Bmp/Sample028/img028-00230.png,28,28
GoodImg/Bmp/Sample028/img028-00261.png,28,52
GoodImg/Bmp/Sample028/img028-00263.png,28,28
GoodImg/Bmp/Sample028/img028-00331.png,28,30
GoodImg/Bmp/Sample028/img028-00344.png,28,28
GoodImg/Bmp/Sample028/img028-00354.png,28,28
GoodImg/Bmp/Sample028/img028-00358.png,28,28
GoodImg/Bmp/Sample028/img028-00389.png,28,28
GoodImg/Bmp/Sample029/img029-00022.png,29,6
GoodImg/Bmp/Sample029/img029-00077.png,29,29
GoodImg/Bmp/Sample029/img029-00088.png,29,29
GoodImg/Bmp/Sample029/img029-00097.png,29,29
GoodImg/Bmp/Sample029/img029-00101.png,29,29
GoodImg/Bmp/Sample029/img029-00102.png,29,29
GoodImg/Bmp/Sample029/img029-00169.png,29,29
GoodImg/Bmp/Sample029/img029-00190.png,29,29
GoodImg/Bmp/Sample029/img029-00199.png,29,6
GoodImg/Bmp/Sample029/img029-00210.png,29,29
GoodImg/Bmp/Sample029/img029-00215.png,29,12
GoodImg/Bmp/Sample029/img029-00222.png,29,29
GoodImg/Bmp/Sample029/img029-00245.png,29,29
GoodImg/Bmp/Sample029/img029-00265.png,29,29
GoodImg/Bmp/Sample029/img029-00272.png,29,6
GoodImg/Bmp/Sample029/img029-00273.png,29,46
GoodImg/Bmp/Sample029/img029-00276.png,29,6
GoodImg/Bmp/Sample029/img029-00301.png,29,29
GoodImg/Bmp/Sample029/img029-00308.png,29,12
GoodImg/Bmp/Sample029/img029-00311.png,29,29
GoodImg/Bmp/Sample029/img029-00312.png,29,29
GoodImg/Bmp/Sample029/img029-00330.png,29,6
GoodImg/Bmp/Sample029/img029-00341.png,29,29
GoodImg/Bmp/Sample030/img030-00002.png,30,30
GoodImg/Bmp/Sample030/img030-00004.png,30,30
GoodImg/Bmp/Sample030/img030-00016.png,30,42
GoodImg/Bmp/Sample030/img030-00040.png,30,24
GoodImg/Bmp/Sample030/img030-00051.png,30,30
GoodImg/Bmp/Sample030/img030-00057.png,30,30
GoodImg/Bmp/Sample030/img030-00076.png,30,30
GoodImg/Bmp/Sample030/img030-00091.png,30,30
GoodImg/Bmp/Sample030/img030-00092.png,30,30
GoodImg/Bmp/Sample030/img030-00095.png,30,30
GoodImg/Bmp/Sample030/img030-00096.png,30,30
GoodImg/Bmp/Sample030/img030-00117.png,30,30
GoodImg/Bmp/Sample030/img030-00123.png,30,18
GoodImg/Bmp/Sample030/img030-00141.png,30,30
GoodImg/Bmp/Sample030/img030-00151.png,30,30
GoodImg/Bmp/Sample030/img030-00156.png,30,30
GoodImg/Bmp/Sample030/img030-00168.png,30,30
GoodImg/Bmp/Sample030/img030-00171.png,30,30
GoodImg/Bmp/Sample030/img030-00196.png,30,30
GoodImg/Bmp/Sample030/img030-00253.png,30,30
GoodImg/Bmp/Sample030/img030-00258.png,30,30
GoodImg/Bmp/Sample030/img030-00262.png,30,30
GoodImg/Bmp/Sample030/img030-00265.png,30,30
GoodImg/Bmp/Sample030/img030-00293.png,30,30
GoodImg/Bmp/Sample030/img030-00311.png,30,30
GoodImg/Bmp/Sample031/img031-00005.png,31,31
GoodImg/Bmp/Sample031/img031-00007.png,31,31
GoodImg/Bmp/Sample031/img031-00009.png,31,31
GoodImg/Bmp/Sample031/img031-00010.png,31,10
GoodImg/Bmp/Sample031/img031-00011.png,31,31
GoodImg/Bmp/Sample031/img031-00014.png,31,31
GoodImg/Bmp/Sample031/img031-00015.png,31,31
GoodImg/Bmp/Sample031/img031-00020.png,31,31
GoodImg/Bmp/Sample031/img031-00023.png,31,31
GoodImg/Bmp/Sample031/img031-00031.png,31,57
GoodImg/Bmp/Sample031/img031-00042.png,31,31
GoodImg/Bmp/Sample031/img031-00047.png,31,31
GoodImg/Bmp/Sample031/img031-00048.png,31,57
GoodImg/Bmp/Sample031/img031-00050.png,31,31
GoodImg/Bmp/Sample031/img031-00052.png,31,31
GoodImg/Bmp/Sample031/img031-00053.png,31,31
GoodImg/Bmp/Sample031/img031-00054.png,31,31
GoodImg/Bmp/Sample031/img031-00059.png,31,31
GoodImg/Bmp/Sample031/img031-00063.png,31,27
GoodImg/Bmp/Sample031/img031-00070.png,31,31
GoodImg/Bmp/Sample031/img031-00073.png,31,31
GoodImg/Bmp/Sample031/img031-00074.png,31,31
GoodImg/Bmp/Sample031/img031-00081.png,31,31
GoodImg/Bmp/Sample031/img031-00089.png,31,31
GoodImg/Bmp/Sample032/img032-00002.png,32,58
GoodImg/Bmp/Sample032/img032-00007.png,32,34
GoodImg/Bmp/Sample032/img032-00013.png,32,32
GoodImg/Bmp/Sample032/img032-00015.png,32,32
GoodImg/Bmp/Sample032/img032-00018.png,32,32
GoodImg/Bmp/Sample032/img032-00020.png,32,32
GoodImg/Bmp/Sample032/img032-00024.png,32,32
GoodImg/Bmp/Sample032/img032-00025.png,32,58
GoodImg/Bmp/Sample032/img032-00030.png,32,59
GoodImg/Bmp/Sample032/img032-00038.png,32,32
GoodImg/Bmp/Sample032/img032-00041.png,32,32
GoodImg/Bmp/Sample032/img032-00042.png,32,32
GoodImg/Bmp/Sample032/img032-00043.png,32,32
GoodImg/Bmp/Sample032/img032-00047.png,32,32
GoodImg/Bmp/Sample032/img032-00050.png,32,32
GoodImg/Bmp/Sample032/img032-00053.png,32,58
GoodImg/Bmp/Sample032/img032-00055.png,32,32
GoodImg/Bmp/Sample032/img032-00056.png,32,59
GoodImg/Bmp/Sample032/img032-00057.png,32,32
GoodImg/Bmp/Sample032/img032-00067.png,32,35
GoodImg/Bmp/Sample032/img032-00068.png,32,24
GoodImg/Bmp/Sample032/img032-00071.png,32,58
GoodImg/Bmp/Sample032/img032-00072.png,32,35
GoodImg/Bmp/Sample032/img032-00073.png,32,32
GoodImg/Bmp/Sample032/img032-00078.png,32,32
GoodImg/Bmp/Sample032/img032-00080.png,32,58
GoodImg/Bmp/Sample032/img032-00084.png,32,58
GoodImg/Bmp/Sample033/img033-00001.png,33,33
GoodImg/Bmp/Sample033/img033-00006.png,33,59
GoodImg/Bmp/Sample033/img033-00009.png,33,33
GoodImg/Bmp/Sample033/img033-00010.png,33,59
GoodImg/Bmp/Sample033/img033-00015.png,33,59
GoodImg/Bmp/Sample033/img033-00019.png,33,59
GoodImg/Bmp/Sample033/img033-00026.png,33,33
GoodImg/Bmp/Sample033/img033-00034.png,33,33
GoodImg/Bmp/Sample033/img033-00035.png,33,33
GoodImg/Bmp/Sample033/img033-00040.png,33,59
GoodImg/Bmp/Sample033/img033-00043.png,33,59
GoodImg/Bmp/Sample033/img033-00044.png,33,59
GoodImg/Bmp/Sample033/img033-00046.png,33,33
GoodImg/Bmp/Sample033/img033-00050.png,33,33
GoodImg/Bmp/Sample033/img033-00051.png,33,33
GoodImg/Bmp/Sample033/img033-00052.png,33,33
GoodImg/Bmp/Sample033/img033-00053.png,33,33
GoodImg/Bmp/Sample033/img033-00057.png,33,33
GoodImg/Bmp/Sample033/img033-00058.png,33,33
GoodImg/Bmp/Sample033/img033-00059.png,33,33
GoodImg/Bmp/Sample033/img033-00060.png,33,33
GoodImg/Bmp/Sample033/img033-00061.png,33,33
GoodImg/Bmp/Sample033/img033-00064.png,33,33
GoodImg/Bmp/Sample034/img034-00002.png,34,34
GoodImg/Bmp/Sample034/img034-00004.png,34,34
GoodImg/Bmp/Sample034/img034-00005.png,34,34
GoodImg/Bmp/Sample034/img034-00008.png,34,34
GoodImg/Bmp/Sample034/img034-00009.png,34,34
GoodImg/Bmp/Sample034/img034-00010.png,34,34
GoodImg/Bmp/Sample034/img034-00011.png,34,34
GoodImg/Bmp/Sample034/img034-00013.png,34,34
GoodImg/Bmp/Sample034/img034-00014.png,34,34
GoodImg/Bmp/Sample034/img034-00015.png,34,34
GoodImg/Bmp/Sample034/img034-00016.png,34,34
GoodImg/Bmp/Sample034/img034-00017.png,34,34
GoodImg/Bmp/Sample034/img034-00018.png,34,34
GoodImg/Bmp/Sample034/img034-00022.png,34,34
GoodImg/Bmp/Sample034/img034-00032.png,34,34
GoodImg/Bmp/Sample034/img034-00034.png,34,34
GoodImg/Bmp/Sample034/img034-00035.png,34,34
GoodImg/Bmp/Sample034/img034-00036.png,34,34
GoodImg/Bmp/Sample034/img034-00039.png,34,34
GoodImg/Bmp/Sample034/img034-00043.png,34,60
GoodImg/Bmp/Sample034/img034-00052.png,34,7
GoodImg/Bmp/Sample034/img034-00053.png,34,34
GoodImg/Bmp/Sample034/img034-00054.png,34,34
GoodImg/Bmp/Sample034/img034-00057.png,34,34
GoodImg/Bmp/Sample034/img034-00062.png,34,34
GoodImg/Bmp/Sample034/img034-00067.png,34,34
GoodImg/Bmp/Sample034/img034-00068.png,34,34
GoodImg/Bmp/Sample034/img034-00072.png,34,34
GoodImg/Bmp/Sample034/img034-00074.png,34,34
GoodImg/Bmp/Sample034/img034-00075.png,34,34
GoodImg/Bmp/Sample035/img035-00001.png,35,35
GoodImg/Bmp/Sample035/img035-00003.png,35,35
GoodImg/Bmp/Sample035/img035-00005.png,35,35
GoodImg/Bmp/Sample035/img035-00006.png,35,35
GoodImg/Bmp/Sample035/img035-00010.png,35,35
GoodImg/Bmp/Sample035/img035-00012.png,35,35
GoodImg/Bmp/Sample035/img035-00014.png,35,35
GoodImg/Bmp/Sample035/img035-00015.png,35,35
GoodImg/Bmp/Sample035/img035-00019.png,35,35
GoodImg/Bmp/Sample035/img035-00024.png,35,35
GoodImg/Bmp/Sample035/img035-00026.png,35,35
GoodImg/Bmp/Sample035/img035-00031.png,35,35
GoodImg/Bmp/Sample035/img035-00036.png,35,35
GoodImg/Bmp/Sample035/img035-00037.png,35,35
GoodImg/Bmp/Sample035/img035-00043.png,35,35
GoodImg/Bmp/Sample035/img035-00044.png,35,54
GoodImg/Bmp/Sample035/img035-00048.png,35,46
GoodImg/Bmp/Sample035/img035-00056.png,35,35
GoodImg/Bmp/Sample035/img035-00057.png,35,33
GoodImg/Bmp/Sample035/img035-00059.png,35,35
GoodImg/Bmp/Sample035/img035-00060.png,35,35
GoodImg/Bmp/Sample035/img035-00066.png,35,35
GoodImg/Bmp/Sample035/img035-00067.png,35,35
GoodImg/Bmp/Sample036/img036-00001.png,36,36
GoodImg/Bmp/Sample036/img036-00002.png,36,62
GoodImg/Bmp/Sample036/img036-00003.png,36,62
GoodImg/Bmp/Sample036/img036-00004.png,36,36
GoodImg/Bmp/Sample036/img036-00005.png,36,36
GoodImg/Bmp/Sample036/img036-00007.png,36,36
GoodImg/Bmp/Sample036/img036-00008.png,36,36
GoodImg/Bmp/Sample036/img036-00012.png,36,36
GoodImg/Bmp/Sample036/img036-00013.png,36,36
GoodImg/Bmp/Sample036/img036-00014.png,36,62
GoodImg/Bmp/Sample036/img036-00015.png,36,36
GoodImg/Bmp/Sample036/img036-00017.png,36,36
GoodImg/Bmp/Sample036/img036-00019.png,36,62
GoodImg/Bmp/Sample036/img036-00020.png,36,36
GoodImg/Bmp/Sample036/img036-00021.png,36,36
GoodImg/Bmp/Sample036/img036-00023.png,36,62
GoodImg/Bmp/Sample036/img036-00027.png,36,36
GoodImg/Bmp/Sample036/img036-00028.png,36,36
GoodImg/Bmp/Sample036/img036-00031.png,36,36
GoodImg/Bmp/Sample036/img036-00034.png,36,36
GoodImg/Bmp/Sample036/img036-00035.png,36,36
GoodImg/Bmp/Sample036/img036-00036.png,36,36
GoodImg/Bmp/Sample036/img036-00038.png,36,36
GoodImg/Bmp/Sample036/img036-00040.png,36,36
GoodImg/Bmp/Sample036/img036-00041.png,36,62
GoodImg/Bmp/Sample036/img036-00042.png,36,46
GoodImg/Bmp/Sample036/img036-00045.png,36,36
GoodImg/Bmp/Sample036/img036-00048.png,36,36
GoodImg/Bmp/Sample036/img036-00049.png,36,2
GoodImg/Bmp/Sample036/img036-00054.png,36,36
GoodImg/Bmp/Sample037/img037-00011.png,37,49
GoodImg/Bmp/Sample037/img037-00033.png,37,37
GoodImg/Bmp/Sample037/img037-00041.png,37,37
GoodImg/Bmp/Sample037/img037-00042.png,37,37
GoodImg/Bmp/Sample037/img037-00053.png,37,37
GoodImg/Bmp/Sample037/img037-00058.png,37,9
GoodImg/Bmp/Sample037/img037-00066.png,37,51
GoodImg/Bmp/Sample037/img037-00067.png,37,1
GoodImg/Bmp/Sample037/img037-00072.png,37,12
GoodImg/Bmp/Sample037/img037-00087.png,37,1
GoodImg/Bmp/Sample037/img037-00094.png,37,37
GoodImg/Bmp/Sample037/img037-00102.png,37,37
GoodImg/Bmp/Sample037/img037-00106.png,37,37
GoodImg/Bmp/Sample037/img037-00118.png,37,37
GoodImg/Bmp/Sample037/img037-00120.png,37,37
GoodImg/Bmp/Sample037/img037-00122.png,37,37
GoodImg/Bmp/Sample037/img037-00124.png,37,37
GoodImg/Bmp/Sample037/img037-00152.png,37,37
GoodImg/Bmp/Sample037/img037-00156.png,37,37
GoodImg/Bmp/Sample037/img037-00157.png,37,1
GoodImg/Bmp/Sample038/img038-00001.png,38,38
GoodImg/Bmp/Sample038/img038-00002.png,38,38
GoodImg/Bmp/Sample038/img038-00003.png,38,38
GoodImg/Bmp/Sample038/img038-00004.png,38,38
GoodImg/Bmp/Sample038/img038-00007.png,38,38
GoodImg/Bmp/Sample038/img038-00008.png,38,38
GoodImg/Bmp/Sample038/img038-00009.png,38,38
GoodImg/Bmp/Sample038/img038-00010.png,38,38
GoodImg/Bmp/Sample038/img038-00011.png,38,38
GoodImg/Bmp/Sample038/img038-00012.png,38,38
GoodImg/Bmp/Sample038/img038-00013.png,38,38
GoodImg/Bmp/Sample038/img038-00014.png,38,14
GoodImg/Bmp/Sample038/img038-00015.png,38,38
GoodImg/Bmp/Sample038/img038-00017.png,38,38
GoodImg/Bmp/Sample038/img038-00018.png,38,38
GoodImg/Bmp/Sample038/img038-00019.png,38,38
GoodImg/Bmp/Sample038/img038-00020.png,38,38
GoodImg/Bmp/Sample038/img038-00021.png,38,59
GoodImg/Bmp/Sample038/img038-00023.png,38,38
GoodImg/Bmp/Sample038/img038-00024.png,38,59
GoodImg/Bmp/Sample038/img038-00025.png,38,38
GoodImg/Bmp/Sample038/img038-00028.png,38,38
GoodImg/Bmp/Sample038/img038-00030.png,38,37
GoodImg/Bmp/Sample038/img038-00031.png,38,38
GoodImg/Bmp/Sample038/img038-00032.png,38,38
GoodImg/Bmp/Sample038/img038-00033.png,38,38
GoodImg/Bmp/Sample038/img038-00036.png,38,38
GoodImg/Bmp/Sample038/img038-00037.png,38,14
GoodImg/Bmp/Sample039/img039-00001.png,39,39
GoodImg/Bmp/Sample039/img039-00002.png,39,50
GoodImg/Bmp/Sample039/img039-00016.png,39,39
GoodImg/Bmp/Sample039/img039-00019.png,39,15
GoodImg/Bmp/Sample039/img039-00020.png,39,39
GoodImg/Bmp/Sample039/img039-00023.png,39,39
GoodImg/Bmp/Sample039/img039-00024.png,39,39
GoodImg/Bmp/Sample039/img039-00026.png,39,39
GoodImg/Bmp/Sample039/img039-00027.png,39,39
GoodImg/Bmp/Sample039/img039-00029.png,39,39
GoodImg/Bmp/Sample039/img039-00030.png,39,39
GoodImg/Bmp/Sample039/img039-00036.png,39,39
GoodImg/Bmp/Sample039/img039-00037.png,39,39
GoodImg/Bmp/Sample039/img039-00038.png,39,39
GoodImg/Bmp/Sample039/img039-00042.png,39,39
GoodImg/Bmp/Sample039/img039-00043.png,39,13
GoodImg/Bmp/Sample039/img039-00045.png,39,36
GoodImg/Bmp/Sample039/img039-00048.png,39,17
GoodImg/Bmp/Sample039/img039-00051.png,39,39
GoodImg/Bmp/Sample039/img039-00052.png,39,39
GoodImg/Bmp/Sample039/img039-00055.png,39,39
GoodImg/Bmp/Sample039/img039-00056.png,39,39
GoodImg/Bmp/Sample039/img039-00059.png,39,39
GoodImg/Bmp/Sample039/img039-00063.png,39,39
GoodImg/Bmp/Sample040/img040-00003.png,40,40
GoodImg/Bmp/Sample040/img040-00004.png,40,40
GoodImg/Bmp/Sample040/img040-00006.png,40,51
GoodImg/Bmp/Sample040/img040-00008.png,40,40
GoodImg/Bmp/Sample040/img040-00012.png,40,40
GoodImg/Bmp/Sample040/img040-00013.png,40,40
GoodImg/Bmp/Sample040/img040-00014.png,40,40
GoodImg/Bmp/Sample040/img040-00016.png,40,40
GoodImg/Bmp/Sample040/img040-00017.png,40,40
GoodImg/Bmp/Sample040/img040-00018.png,40,18
GoodImg/Bmp/Sample040/img040-00022.png,40,40
GoodImg/Bmp/Sample040/img040-00024.png,40,40
GoodImg/Bmp/Sample040/img040-00026.png,40,36
GoodImg/Bmp/Sample040/img040-00028.png,40,14
GoodImg/Bmp/Sample040/img040-00030.png,40,40
GoodImg/Bmp/Sample040/img040-00034.png,40,40
GoodImg/Bmp/Sample040/img040-00037.png,40,25
GoodImg/Bmp/Sample040/img040-00038.png,40,51
GoodImg/Bmp/Sample040/img040-00039.png,40,45
GoodImg/Bmp/Sample040/img040-00040.png,40,40
GoodImg/Bmp/Sample040/img040-00044.png,40,40
GoodImg/Bmp/Sample041/img041-00019.png,41,41
GoodImg/Bmp/Sample041/img041-00025.png,41,41
GoodImg/Bmp/Sample041/img041-00059.png,41,1
GoodImg/Bmp/Sample041/img041-00062.png,41,1
GoodImg/Bmp/Sample041/img041-00063.png,41,1
GoodImg/Bmp/Sample041/img041-00065.png,41,1
GoodImg/Bmp/Sample041/img041-00073.png,41,41
GoodImg/Bmp/Sample041/img041-00074.png,41,17
GoodImg/Bmp/Sample041/img041-00082.png,41,41
GoodImg/Bmp/Sample041/img041-00092.png,41,41
GoodImg/Bmp/Sample041/img041-00099.png,41,41
GoodImg/Bmp/Sample041/img041-00102.png,41,41
GoodImg/Bmp/Sample041/img041-00106.png,41,41
GoodImg/Bmp/Sample041/img041-00128.png,41,41
GoodImg/Bmp/Sample041/img041-00132.png,41,41
GoodImg/Bmp/Sample041/img041-00133.png,41,41
GoodImg/Bmp/Sample041/img041-00145.png,41,3
GoodImg/Bmp/Sample041/img041-00152.png,41,41
GoodImg/Bmp/Sample041/img041-00170.png,41,41
GoodImg/Bmp/Sample041/img041-00202.png,41,41
GoodImg/Bmp/Sample041/img041-00204.png,41,13
GoodImg/Bmp/Sample041/img041-00215.png,41,41
GoodImg/Bmp/Sample041/img041-00225.png,41,41
GoodImg/Bmp/Sample042/img042-00002.png,42,42
GoodImg/Bmp/Sample042/img042-00005.png,42,42
GoodImg/Bmp/Sample042/img042-00006.png,42,42
GoodImg/Bmp/Sample042/img042-00007.png,42,42
GoodImg/Bmp/Sample042/img042-00008.png,42,42
GoodImg/Bmp/Sample042/img042-00009.png,42,42
GoodImg/Bmp/Sample042/img042-00011.png,42,42
GoodImg/Bmp/Sample042/img042-00013.png,42,42
GoodImg/Bmp/Sample042/img042-00014.png,42,42
GoodImg/Bmp/Sample042/img042-00015.png,42,42
GoodImg/Bmp/Sample042/img042-00016.png,42,42
GoodImg/Bmp/Sample042/img042-00017.png,42,42
GoodImg/Bmp/Sample042/img042-00019.png,42,42
GoodImg/Bmp/Sample042/img042-00020.png,42,42
GoodImg/Bmp/Sample042/img042-00022.png,42,42
GoodImg/Bmp/Sample042/img042-00025.png,42,42
GoodImg/Bmp/Sample042/img042-00026.png,42,55
GoodImg/Bmp/Sample042/img042-00027.png,42,42
GoodImg/Bmp/Sample042/img042-00028.png,42,46
GoodImg/Bmp/Sample042/img042-00029.png,42,42
GoodImg/Bmp/Sample042/img042-00032.png,42,42
GoodImg/Bmp/Sample042/img042-00034.png,42,42
GoodImg/Bmp/Sample042/img042-00035.png,42,10
GoodImg/Bmp/Sample042/img042-00036.png,42,42
GoodImg/Bmp/Sample042/img042-00037.png,42,42
GoodImg/Bmp/Sample043/img043-00001.png,43,43
GoodImg/Bmp/Sample043/img043-00002.png,43,43
GoodImg/Bmp/Sample043/img043-00003.png,43,43
GoodImg/Bmp/Sample043/img043-00004.png,43,14
GoodImg/Bmp/Sample043/img043-00005.png,43,43
GoodImg/Bmp/Sample043/img043-00006.png,43,43
GoodImg/Bmp/Sample043/img043-00007.png,43,1
GoodImg/Bmp/Sample043/img043-00008.png,43,43
GoodImg/Bmp/Sample043/img043-00009.png,43,43
GoodImg/Bmp/Sample043/img043-00019.png,43,43
GoodImg/Bmp/Sample043/img043-00020.png,43,40
GoodImg/Bmp/Sample043/img043-00021.png,43,43
GoodImg/Bmp/Sample043/img043-00022.png,43,31
GoodImg/Bmp/Sample043/img043-00024.png,43,43
GoodImg/Bmp/Sample043/img043-00025.png,43,43
GoodImg/Bmp/Sample043/img043-00026.png,43,43
GoodImg/Bmp/Sample043/img043-00027.png,43,43
GoodImg/Bmp/Sample043/img043-00029.png,43,43
GoodImg/Bmp/Sample043/img043-00030.png,43,43
GoodImg/Bmp/Sample043/img043-00032.png,43,29
GoodImg/Bmp/Sample043/img043-00033.png,43,43
GoodImg/Bmp/Sample043/img043-00034.png,43,43
GoodImg/Bmp/Sample043/img043-00035.png,43,43
GoodImg/Bmp/Sample043/img043-00036.png,43,43
GoodImg/Bmp/Sample044/img044-00001.png,44,44
GoodImg/Bmp/Sample044/img044-00002.png,44,44
GoodImg/Bmp/Sample044/img044-00005.png,44,44
GoodImg/Bmp/Sample044/img044-00009.png,44,44
GoodImg/Bmp/Sample044/img044-00012.png,44,44
GoodImg/Bmp/Sample044/img044-00013.png,44,44
GoodImg/Bmp/Sample044/img044-00014.png,44,44
GoodImg/Bmp/Sample044/img044-00019.png,44,44
GoodImg/Bmp/Sample044/img044-00021.png,44,44
GoodImg/Bmp/Sample044/img044-00023.png,44,44
GoodImg/Bmp/Sample044/img044-00024.png,44,44
GoodImg/Bmp/Sample044/img044-00026.png,44,44
GoodImg/Bmp/Sample044/img044-00027.png,44,44
GoodImg/Bmp/Sample044/img044-00028.png,44,50
GoodImg/Bmp/Sample044/img044-00034.png,44,44
GoodImg/Bmp/Sample044/img044-00037.png,44,44
GoodImg/Bmp/Sample044/img044-00038.png,44,44
GoodImg/Bmp/Sample044/img044-00039.png,44,44
GoodImg/Bmp/Sample044/img044-00041.png,44,44
GoodImg/Bmp/Sample044/img044-00045.png,44,50
GoodImg/Bmp/Sample044/img044-00046.png,44,44
GoodImg/Bmp/Sample044/img044-00050.png,44,44
GoodImg/Bmp/Sample044/img044-00052.png,44,44
GoodImg/Bmp/Sample045/img045-00002.png,45,45
GoodImg/Bmp/Sample045/img045-00007.png,45,45
GoodImg/Bmp/Sample045/img045-00013.png,45,46
GoodImg/Bmp/Sample045/img045-00014.png,45,50
GoodImg/Bmp/Sample045/img045-00018.png,45,45
GoodImg/Bmp/Sample045/img045-00023.png,45,45
GoodImg/Bmp/Sample045/img045-00033.png,45,45
GoodImg/Bmp/Sample045/img045-00041.png,45,45
GoodImg/Bmp/Sample045/img045-00046.png,45,45
GoodImg/Bmp/Sample045/img045-00051.png,45,50
GoodImg/Bmp/Sample045/img045-00052.png,45,19
GoodImg/Bmp/Sample045/img045-00066.png,45,8
GoodImg/Bmp/Sample045/img045-00071.png,45,50
GoodImg/Bmp/Sample045/img045-00072.png,45,48
GoodImg/Bmp/Sample045/img045-00078.png,45,45
GoodImg/Bmp/Sample045/img045-00083.png,45,46
GoodImg/Bmp/Sample045/img045-00090.png,45,36
GoodImg/Bmp/Sample045/img045-00093.png,45,45
GoodImg/Bmp/Sample045/img045-00097.png,45,2
GoodImg/Bmp/Sample045/img045-00107.png,45,45
GoodImg/Bmp/Sample045/img045-00109.png,45,45
GoodImg/Bmp/Sample046/img046-00001.png,46,46
GoodImg/Bmp/Sample046/img046-00002.png,46,46
GoodImg/Bmp/Sample046/img046-00003.png,46,46
GoodImg/Bmp/Sample046/img046-00005.png,46,46
GoodImg/Bmp/Sample046/img046-00006.png,46,46
GoodImg/Bmp/Sample046/img046-00007.png,46,46
GoodImg/Bmp/Sample046/img046-00008.png,46,46
GoodImg/Bmp/Sample046/img046-00009.png,46,46
GoodImg/Bmp/Sample046/img046-00010.png,46,46
GoodImg/Bmp/Sample046/img046-00011.png,46,20
GoodImg/Bmp/Sample046/img046-00012.png,46,46
GoodImg/Bmp/Sample046/img046-00013.png,46,46
GoodImg/Bmp/Sample046/img046-00014.png,46,46
GoodImg/Bmp/Sample046/img046-00016.png,46,36
GoodImg/Bmp/Sample046/img046-00017.png,46,53
GoodImg/Bmp/Sample046/img046-00018.png,46,53
GoodImg/Bmp/Sample046/img046-00020.png,46,46
GoodImg/Bmp/Sample046/img046-00021.png,46,46
GoodImg/Bmp/Sample046/img046-00022.png,46,46
GoodImg/Bmp/Sample046/img046-00023.png,46,46
GoodImg/Bmp/Sample046/img046-00024.png,46,46
GoodImg/Bmp/Sample046/img046-00025.png,46,46
GoodImg/Bmp/Sample046/img046-00026.png,46,46
GoodImg/Bmp/Sample046/img046-00027.png,46,46
GoodImg/Bmp/Sample046/img046-00028.png,46,46
GoodImg/Bmp/Sample046/img046-00029.png,46,46
GoodImg/Bmp/Sample046/img046-00030.png,46,60
GoodImg/Bmp/Sample046/img046-00031.png,46,46
GoodImg/Bmp/Sample046/img046-00032.png,46,46
GoodImg/Bmp/Sample047/img047-00002.png,47,47
GoodImg/Bmp/Sample047/img047-00003.png,47,35
GoodImg/Bmp/Sample047/img047-00004.png,47,47
GoodImg/Bmp/Sample047/img047-00008.png,47,47
GoodImg/Bmp/Sample047/img047-00009.png,47,47
GoodImg/Bmp/Sample047/img047-00010.png,47,21
GoodImg/Bmp/Sample047/img047-00012.png,47,47
GoodImg/Bmp/Sample047/img047-00013.png,47,47
GoodImg/Bmp/Sample047/img047-00014.png,47,47
GoodImg/Bmp/Sample047/img047-00015.png,47,47
GoodImg/Bmp/Sample047/img047-00016.png,47,47
GoodImg/Bmp/Sample047/img047-00017.png,47,47
GoodImg/Bmp/Sample047/img047-00018.png,47,47
GoodImg/Bmp/Sample047/img047-00019.png,47,47
GoodImg/Bmp/Sample047/img047-00020.png,47,47
GoodImg/Bmp/Sample047/img047-00022.png,47,4
GoodImg/Bmp/Sample047/img047-00023.png,47,47
GoodImg/Bmp/Sample047/img047-00024.png,47,47
GoodImg/Bmp/Sample047/img047-00025.png,47,21
GoodImg/Bmp/Sample047/img047-00026.png,47,47
GoodImg/Bmp/Sample047/img047-00027.png,47,47
GoodImg/Bmp/Sample047/img047-00029.png,47,47
GoodImg/Bmp/Sample047/img047-00030.png,47,36
GoodImg/Bmp/Sample047/img047-00031.png,47,21
GoodImg/Bmp/Sample047/img047-00032.png,47,47
GoodImg/Bmp/Sample047/img047-00034.png,47,21
GoodImg/Bmp/Sample048/img048-00001.png,48,36
GoodImg/Bmp/Sample048/img048-00002.png,48,48
GoodImg/Bmp/Sample048/img048-00003.png,48,48
GoodImg/Bmp/Sample048/img048-00005.png,48,56
GoodImg/Bmp/Sample048/img048-00006.png,48,8
GoodImg/Bmp/Sample048/img048-00010.png,48,48
GoodImg/Bmp/Sample048/img048-00014.png,48,19
GoodImg/Bmp/Sample048/img048-00016.png,48,19
GoodImg/Bmp/Sample048/img048-00017.png,48,19
GoodImg/Bmp/Sample048/img048-00021.png,48,20
GoodImg/Bmp/Sample048/img048-00024.png,48,48
GoodImg/Bmp/Sample048/img048-00028.png,48,48
GoodImg/Bmp/Sample048/img048-00029.png,48,48
GoodImg/Bmp/Sample048/img048-00037.png,48,36
GoodImg/Bmp/Sample048/img048-00038.png,48,22
GoodImg/Bmp/Sample048/img048-00040.png,48,48
GoodImg/Bmp/Sample048/img048-00043.png,48,48
GoodImg/Bmp/Sample048/img048-00046.png,48,48
GoodImg/Bmp/Sample048/img048-00050.png,48,19
GoodImg/Bmp/Sample048/img048-00052.png,48,2
GoodImg/Bmp/Sample049/img049-00001.png,49,49
GoodImg/Bmp/Sample049/img049-00002.png,49,49
GoodImg/Bmp/Sample049/img049-00003.png,49,49
GoodImg/Bmp/Sample049/img049-00004.png,49,49
GoodImg/Bmp/Sample049/img049-00005.png,49,33
GoodImg/Bmp/Sample049/img049-00007.png,49,59
GoodImg/Bmp/Sample049/img049-00010.png,49,59
GoodImg/Bmp/Sample049/img049-00011.png,49,59
GoodImg/Bmp/Sample049/img049-00012.png,49,50
GoodImg/Bmp/Sample049/img049-00013.png,49,49
GoodImg/Bmp/Sample049/img049-00014.png,49,49
GoodImg/Bmp/Sample049/img049-00015.png,49,49
GoodImg/Bmp/Sample049/img049-00020.png,49,30
GoodImg/Bmp/Sample049/img049-00025.png,49,44
GoodImg/Bmp/Sample049/img049-00026.png,49,49
GoodImg/Bmp/Sample049/img049-00027.png,49,49
GoodImg/Bmp/Sample049/img049-00031.png,49,49
GoodImg/Bmp/Sample049/img049-00034.png,49,59
GoodImg/Bmp/Sample049/img049-00036.png,49,49
GoodImg/Bmp/Sample049/img049-00038.png,49,49
GoodImg/Bmp/Sample049/img049-00039.png,49,50
GoodImg/Bmp/Sample049/img049-00043.png,49,49
GoodImg/Bmp/Sample050/img050-00004.png,50,50
GoodImg/Bmp/Sample050/img050-00006.png,50,50
GoodImg/Bmp/Sample050/img050-00007.png,50,50
GoodImg/Bmp/Sample050/img050-00019.png,50,50
GoodImg/Bmp/Sample050/img050-00025.png,50,50
GoodImg/Bmp/Sample050/img050-00027.png,50,50
GoodImg/Bmp/Sample050/img050-00038.png,50,50
GoodImg/Bmp/Sample050/img050-00056.png,50,50
GoodImg/Bmp/Sample050/img050-00059.png,50,50
GoodImg/Bmp/Sample050/img050-00060.png,50,50
GoodImg/Bmp/Sample050/img050-00066.png,50,50
GoodImg/Bmp/Sample050/img050-00071.png,50,50
GoodImg/Bmp/Sample050/img050-00080.png,50,50
GoodImg/Bmp/Sample050/img050-00082.png,50,50
GoodImg/Bmp/Sample050/img050-00088.png,50,24
GoodImg/Bmp/Sample050/img050-00103.png,50,44
GoodImg/Bmp/Sample050/img050-00105.png,50,50
GoodImg/Bmp/Sample050/img050-00115.png,50,50
GoodImg/Bmp/Sample050/img050-00125.png,50,50
GoodImg/Bmp/Sample050/img050-00129.png,50,50
GoodImg/Bmp/Sample050/img050-00131.png,50,50
GoodImg/Bmp/Sample050/img050-00134.png,50,53
GoodImg/Bmp/Sample051/img051-00002.png,51,51
GoodImg/Bmp/Sample051/img051-00003.png,51,51
GoodImg/Bmp/Sample051/img051-00004.png,51,51
GoodImg/Bmp/Sample051/img051-00005.png,51,51
GoodImg/Bmp/Sample051/img051-00020.png,51,51
GoodImg/Bmp/Sample051/img051-00022.png,51,51
GoodImg/Bmp/Sample051/img051-00032.png,51,51
GoodImg/Bmp/Sample051/img051-00035.png,51,51
GoodImg/Bmp/Sample051/img051-00042.png,51,25
GoodImg/Bmp/Sample051/img051-00044.png,51,25
GoodImg/Bmp/Sample051/img051-00055.png,51,51
GoodImg/Bmp/Sample051/img051-00056.png,51,1
GoodImg/Bmp/Sample051/img051-00063.png,51,51
GoodImg/Bmp/Sample051/img051-00065.png,51,25
GoodImg/Bmp/Sample051/img051-00080.png,51,51
GoodImg/Bmp/Sample051/img051-00084.png,51,1
GoodImg/Bmp/Sample051/img051-00098.png,51,1
GoodImg/Bmp/Sample051/img051-00099.png,51,25
GoodImg/Bmp/Sample051/img051-00102.png,51,1
GoodImg/Bmp/Sample051/img051-00115.png,51,50
GoodImg/Bmp/Sample051/img051-00117.png,51,1
GoodImg/Bmp/Sample051/img051-00138.png,51,51
GoodImg/Bmp/Sample051/img051-00143.png,51,25
GoodImg/Bmp/Sample051/img051-00144.png,51,25
GoodImg/Bmp/Sample051/img051-00146.png,51,27
GoodImg/Bmp/Sample051/img051-00147.png,51,27
GoodImg/Bmp/Sample052/img052-00001.png,52,52
GoodImg/Bmp/Sample052/img052-00003.png,52,52
GoodImg/Bmp/Sample052/img052-00004.png,52,52
GoodImg/Bmp/Sample052/img052-00005.png,52,26
GoodImg/Bmp/Sample052/img052-00007.png,52,52
GoodImg/Bmp/Sample052/img052-00009.png,52,52
GoodImg/Bmp/Sample052/img052-00011.png,52,52
GoodImg/Bmp/Sample052/img052-00013.png,52,52
GoodImg/Bmp/Sample052/img052-00014.png,52,52
GoodImg/Bmp/Sample052/img052-00015.png,52,52
GoodImg/Bmp/Sample052/img052-00016.png,52,52
GoodImg/Bmp/Sample052/img052-00020.png,52,52
GoodImg/Bmp/Sample052/img052-00022.png,52,36
GoodImg/Bmp/Sample052/img052-00023.png,52,60
GoodImg/Bmp/Sample052/img052-00024.png,52,60
GoodImg/Bmp/Sample052/img052-00025.png,52,14
GoodImg/Bmp/Sample052/img052-00026.png,52,52
GoodImg/Bmp/Sample052/img052-00028.png,52,26
GoodImg/Bmp/Sample052/img052-00030.png,52,52
GoodImg/Bmp/Sample052/img052-00034.png,52,27
GoodImg/Bmp/Sample052/img052-00036.png,52,45
GoodImg/Bmp/Sample052/img052-00037.png,52,52
GoodImg/Bmp/Sample053/img053-00001.png,53,53
GoodImg/Bmp/Sample053/img053-00003.png,53,53
GoodImg/Bmp/Sample053/img053-00004.png,53,53
GoodImg/Bmp/Sample053/img053-00006.png,53,53
GoodImg/Bmp/Sample053/img053-00008.png,53,53
GoodImg/Bmp/Sample053/img053-00009.png,53,20
GoodImg/Bmp/Sample053/img053-00013.png,53,53
GoodImg/Bmp/Sample053/img053-00014.png,53,53
GoodImg/Bmp/Sample053/img053-00016.png,53,53
GoodImg/Bmp/Sample053/img053-00017.png,53,53
GoodImg/Bmp/Sample053/img053-00019.png,53,53
GoodImg/Bmp/Sample053/img053-00020.png,53,53
GoodImg/Bmp/Sample053/img053-00021.png,53,53
GoodImg/Bmp/Sample053/img053-00024.png,53,53
GoodImg/Bmp/Sample053/img053-00026.png,53,4
GoodImg/Bmp/Sample053/img053-00027.png,53,53
GoodImg/Bmp/Sample053/img053-00029.png,53,53
GoodImg/Bmp/Sample053/img053-00030.png,53,53
GoodImg/Bmp/Sample053/img053-00031.png,53,53
GoodImg/Bmp/Sample053/img053-00033.png,53,53
GoodImg/Bmp/Sample053/img053-00035.png,53,53
GoodImg/Bmp/Sample053/img053-00036.png,53,53
GoodImg/Bmp/Sample053/img053-00037.png,53,53
GoodImg/Bmp/Sample053/img053-00038.png,53,53
GoodImg/Bmp/Sample053/img053-00043.png,53,53
GoodImg/Bmp/Sample053/img053-00045.png,53,53
GoodImg/Bmp/Sample053/img053-00050.png,53,40
GoodImg/Bmp/Sample053/img053-00051.png,53,53
GoodImg/Bmp/Sample053/img053-00052.png,53,53
GoodImg/Bmp/Sample054/img054-00007.png,54,54
GoodImg/Bmp/Sample054/img054-00011.png,54,45
GoodImg/Bmp/Sample054/img054-00013.png,54,54
GoodImg/Bmp/Sample054/img054-00027.png,54,16
GoodImg/Bmp/Sample054/img054-00029.png,54,54
GoodImg/Bmp/Sample054/img054-00041.png,54,54
GoodImg/Bmp/Sample054/img054-00042.png,54,30
GoodImg/Bmp/Sample054/img054-00043.png,54,15
GoodImg/Bmp/Sample054/img054-00049.png,54,54
GoodImg/Bmp/Sample054/img054-00052.png,54,54
GoodImg/Bmp/Sample054/img054-00053.png,54,54
GoodImg/Bmp/Sample054/img054-00064.png,54,54
GoodImg/Bmp/Sample054/img054-00072.png,54,54
GoodImg/Bmp/Sample054/img054-00074.png,54,54
GoodImg/Bmp/Sample054/img054-00079.png,54,38
GoodImg/Bmp/Sample054/img054-00091.png,54,50
GoodImg/Bmp/Sample054/img054-00093.png,54,54
GoodImg/Bmp/Sample054/img054-00098.png,54,54
GoodImg/Bmp/Sample054/img054-00101.png,54,54
GoodImg/Bmp/Sample054/img054-00109.png,54,54
GoodImg/Bmp/Sample054/img054-00122.png,54,54
GoodImg/Bmp/Sample054/img054-00123.png,54,54
GoodImg/Bmp/Sample055/img055-00005.png,55,29
GoodImg/Bmp/Sample055/img055-00007.png,55,55
GoodImg/Bmp/Sample055/img055-00009.png,55,55
GoodImg/Bmp/Sample055/img055-00010.png,55,55
GoodImg/Bmp/Sample055/img055-00027.png,55,29
GoodImg/Bmp/Sample055/img055-00038.png,55,55
GoodImg/Bmp/Sample055/img055-00042.png,55,29
GoodImg/Bmp/Sample055/img055-00043.png,55,29
GoodImg/Bmp/Sample055/img055-00045.png,55,55
GoodImg/Bmp/Sample055/img055-00047.png,55,55
GoodImg/Bmp/Sample055/img055-00048.png,55,55
GoodImg/Bmp/Sample055/img055-00050.png,55,55
GoodImg/Bmp/Sample055/img055-00053.png,55,55
GoodImg/Bmp/Sample055/img055-00061.png,55,29
GoodImg/Bmp/Sample055/img055-00063.png,55,55
GoodImg/Bmp/Sample055/img055-00064.png,55,29
GoodImg/Bmp/Sample055/img055-00067.png,55,55
GoodImg/Bmp/Sample055/img055-00069.png,55,55
GoodImg/Bmp/Sample055/img055-00070.png,55,55
GoodImg/Bmp/Sample055/img055-00079.png,55,29
GoodImg/Bmp/Sample055/img055-00082.png,55,6
GoodImg/Bmp/Sample055/img055-00094.png,55,55
GoodImg/Bmp/Sample055/img055-00097.png,55,55
GoodImg/Bmp/Sample055/img055-00100.png,55,55
GoodImg/Bmp/Sample055/img055-00105.png,55,29
GoodImg/Bmp/Sample055/img055-00117.png,55,55
GoodImg/Bmp/Sample056/img056-00002.png,56,46
GoodImg/Bmp/Sample056/img056-00004.png,56,56
GoodImg/Bmp/Sample056/img056-00005.png,56,56
GoodImg/Bmp/Sample056/img056-00006.png,56,56
GoodImg/Bmp/Sample056/img056-00014.png,56,15
GoodImg/Bmp/Sample056/img056-00020.png,56,56
GoodImg/Bmp/Sample056/img056-00022.png,56,42
GoodImg/Bmp/Sample056/img056-00023.png,56,56
GoodImg/Bmp/Sample056/img056-00025.png,56,56
GoodImg/Bmp/Sample056/img056-00027.png,56,42
GoodImg/Bmp/Sample056/img056-00033.png,56,56
GoodImg/Bmp/Sample056/img056-00049.png,56,42
GoodImg/Bmp/Sample056/img056-00054.png,56,56
GoodImg/Bmp/Sample056/img056-00057.png,56,56
GoodImg/Bmp/Sample056/img056-00063.png,56,56
GoodImg/Bmp/Sample056/img056-00065.png,56,56
GoodImg/Bmp/Sample056/img056-00070.png,56,56
GoodImg/Bmp/Sample056/img056-00076.png,56,56
GoodImg/Bmp/Sample056/img056-00082.png,56,15
GoodImg/Bmp/Sample056/img056-00086.png,56,56
GoodImg/Bmp/Sample056/img056-00100.png,56,22
GoodImg/Bmp/Sample056/img056-00105.png,56,56
GoodImg/Bmp/Sample056/img056-00107.png,56,56
GoodImg/Bmp/Sample056/img056-00111.png,56,56
GoodImg/Bmp/Sample057/img057-00002.png,57,57
GoodImg/Bmp/Sample057/img057-00005.png,57,57
GoodImg/Bmp/Sample057/img057-00006.png,57,57
GoodImg/Bmp/Sample057/img057-00007.png,57,31
GoodImg/Bmp/Sample057/img057-00008.png,57,57
GoodImg/Bmp/Sample057/img057-00009.png,57,57
GoodImg/Bmp/Sample057/img057-00010.png,57,31
GoodImg/Bmp/Sample057/img057-00012.png,57,57
GoodImg/Bmp/Sample057/img057-00013.png,57,57
GoodImg/Bmp/Sample057/img057-00014.png,57,1
GoodImg/Bmp/Sample057/img057-00015.png,57,20
GoodImg/Bmp/Sample057/img057-00016.png,57,57
GoodImg/Bmp/Sample057/img057-00017.png,57,31
GoodImg/Bmp/Sample057/img057-00020.png,57,57
GoodImg/Bmp/Sample057/img057-00021.png,57,52
GoodImg/Bmp/Sample057/img057-00025.png,57,57
GoodImg/Bmp/Sample057/img057-00027.png,57,57
GoodImg/Bmp/Sample057/img057-00031.png,57,57
GoodImg/Bmp/Sample057/img057-00035.png,57,57
GoodImg/Bmp/Sample057/img057-00036.png,57,57
GoodImg/Bmp/Sample057/img057-00037.png,57,57
GoodImg/Bmp/Sample057/img057-00039.png,57,57
GoodImg/Bmp/Sample057/img057-00040.png,57,57
GoodImg/Bmp/Sample057/img057-00041.png,57,31
GoodImg/Bmp/Sample058/img058-00001.png,58,58
GoodImg/Bmp/Sample058/img058-00005.png,58,58
GoodImg/Bmp/Sample058/img058-00006.png,58,59
GoodImg/Bmp/Sample058/img058-00008.png,58,58
GoodImg/Bmp/Sample058/img058-00009.png,58,58
GoodImg/Bmp/Sample058/img058-00011.png,58,32
GoodImg/Bmp/Sample058/img058-00012.png,58,58
GoodImg/Bmp/Sample058/img058-00014.png,58,58
GoodImg/Bmp/Sample058/img058-00015.png,58,58
GoodImg/Bmp/Sample058/img058-00017.png,58,58
GoodImg/Bmp/Sample058/img058-00018.png,58,32
GoodImg/Bmp/Sample058/img058-00019.png,58,58
GoodImg/Bmp/Sample058/img058-00020.png,58,58
GoodImg/Bmp/Sample058/img058-00021.png,58,58
GoodImg/Bmp/Sample058/img058-00022.png,58,58
GoodImg/Bmp/Sample058/img058-00023.png,58,31
GoodImg/Bmp/Sample058/img058-00024.png,58,58
GoodImg/Bmp/Sample058/img058-00025.png,58,58
GoodImg/Bmp/Sample058/img058-00026.png,58,35
GoodImg/Bmp/Sample058/img058-00027.png,58,58
GoodImg/Bmp/Sample058/img058-00028.png,58,58
GoodImg/Bmp/Sample058/img058-00029.png,58,58
GoodImg/Bmp/Sample058/img058-00030.png,58,58
GoodImg/Bmp/Sample058/img058-00031.png,58,58
GoodImg/Bmp/Sample058/img058-00032.png,58,58
GoodImg/Bmp/Sample058/img058-00033.png,58,58
GoodImg/Bmp/Sample059/img059-00003.png,59,59
GoodImg/Bmp/Sample059/img059-00004.png,59,33
GoodImg/Bmp/Sample059/img059-00005.png,59,59
GoodImg/Bmp/Sample059/img059-00006.png,59,59
GoodImg/Bmp/Sample059/img059-00007.png,59,59
GoodImg/Bmp/Sample059/img059-00008.png,59,59
GoodImg/Bmp/Sample059/img059-00009.png,59,59
GoodImg/Bmp/Sample059/img059-00010.png,59,59
GoodImg/Bmp/Sample059/img059-00011.png,59,59
GoodImg/Bmp/Sample059/img059-00012.png,59,57
GoodImg/Bmp/Sample059/img059-00013.png,59,59
GoodImg/Bmp/Sample059/img059-00016.png,59,59
GoodImg/Bmp/Sample059/img059-00017.png,59,59
GoodImg/Bmp/Sample059/img059-00018.png,59,33
GoodImg/Bmp/Sample059/img059-00019.png,59,59
GoodImg/Bmp/Sample059/img059-00021.png,59,59
GoodImg/Bmp/Sample059/img059-00022.png,59,59
GoodImg/Bmp/Sample059/img059-00024.png,59,59
GoodImg/Bmp/Sample059/img059-00025.png,59,59
GoodImg/Bmp/Sample059/img059-00026.png,59,59
GoodImg/Bmp/Sample059/img059-00027.png,59,59
GoodImg/Bmp/Sample059/img059-00028.png,59,59
GoodImg/Bmp/Sample059/img059-00030.png,59,59
GoodImg/Bmp/Sample059/img059-00031.png,59,59
GoodImg/Bmp/Sample059/img059-00033.png,59,59
GoodImg/Bmp/Sample059/img059-00035.png,59,53
GoodImg/Bmp/Sample059/img059-00036.png,59,14
GoodImg/Bmp/Sample060/img060-00001.png,60,34
GoodImg/Bmp/Sample060/img060-00006.png,60,60
GoodImg/Bmp/Sample060/img060-00007.png,60,60
GoodImg/Bmp/Sample060/img060-00008.png,60,60
GoodImg/Bmp/Sample060/img060-00010.png,60,34
GoodImg/Bmp/Sample060/img060-00011.png,60,60
GoodImg/Bmp/Sample060/img060-00012.png,60,34
GoodImg/Bmp/Sample060/img060-00013.png,60,34
GoodImg/Bmp/Sample060/img060-00014.png,60,60
GoodImg/Bmp/Sample060/img060-00016.png,60,20
GoodImg/Bmp/Sample060/img060-00017.png,60,60
GoodImg/Bmp/Sample060/img060-00018.png,60,60
GoodImg/Bmp/Sample060/img060-00020.png,60,34
GoodImg/Bmp/Sample060/img060-00021.png,60,34
GoodImg/Bmp/Sample060/img060-00022.png,60,60
GoodImg/Bmp/Sample060/img060-00024.png,60,60
GoodImg/Bmp/Sample060/img060-00026.png,60,34
GoodImg/Bmp/Sample060/img060-00027.png,60,21
GoodImg/Bmp/Sample060/img060-00028.png,60,59
GoodImg/Bmp/Sample060/img060-00029.png,60,60
GoodImg/Bmp/Sample060/img060-00030.png,60,60
GoodImg/Bmp/Sample060/img060-00031.png,60,60
GoodImg/Bmp/Sample060/img060-00032.png,60,60
GoodImg/Bmp/Sample060/img060-00034.png,60,34
GoodImg/Bmp/Sample060/img060-00035.png,60,21
GoodImg/Bmp/Sample061/img061-00001.png,61,35
GoodImg/Bmp/Sample061/img061-00002.png,61,61
GoodImg/Bmp/Sample061/img061-00004.png,61,35
GoodImg/Bmp/Sample061/img061-00006.png,61,61
GoodImg/Bmp/Sample061/img061-00008.png,61,61
GoodImg/Bmp/Sample061/img061-00009.png,61,61
GoodImg/Bmp/Sample061/img061-00012.png,61,35
GoodImg/Bmp/Sample061/img061-00014.png,61,35
GoodImg/Bmp/Sample061/img061-00015.png,61,35
GoodImg/Bmp/Sample061/img061-00017.png,61,61
GoodImg/Bmp/Sample061/img061-00020.png,61,61
GoodImg/Bmp/Sample061/img061-00022.png,61,35
GoodImg/Bmp/Sample061/img061-00023.png,61,61
GoodImg/Bmp/Sample061/img061-00024.png,61,61
GoodImg/Bmp/Sample061/img061-00025.png,61,61
GoodImg/Bmp/Sample061/img061-00027.png,61,46
GoodImg/Bmp/Sample061/img061-00028.png,61,61
GoodImg/Bmp/Sample061/img061-00031.png,61,61
GoodImg/Bmp/Sample061/img061-00032.png,61,35
GoodImg/Bmp/Sample061/img061-00034.png,61,60
GoodImg/Bmp/Sample061/img061-00035.png,61,61
GoodImg/Bmp/Sample061/img061-00040.png,61,46
GoodImg/Bmp/Sample061/img061-00043.png,61,61
GoodImg/Bmp/Sample062/img062-00001.png,62,36
GoodImg/Bmp/Sample062/img062-00002.png,62,62
GoodImg/Bmp/Sample062/img062-00004.png,62,62
GoodImg/Bmp/Sample062/img062-00005.png,62,62
GoodImg/Bmp/Sample062/img062-00006.png,62,62
GoodImg/Bmp/Sample062/img062-00007.png,62,62
GoodImg/Bmp/Sample062/img062-00008.png,62,36
GoodImg/Bmp/Sample062/img062-00009.png,62,36
GoodImg/Bmp/Sample062/img062-00010.png,62,62
GoodImg/Bmp/Sample062/img062-00011.png,62,62
GoodImg/Bmp/Sample062/img062-00012.png,62,62
GoodImg/Bmp/Sample062/img062-00013.png,62,62
GoodImg/Bmp/Sample062/img062-00014.png,62,53
GoodImg/Bmp/Sample062/img062-00015.png,62,36
GoodImg/Bmp/Sample062/img062-00016.png,62,62
GoodImg/Bmp/Sample062/img062-00018.png,62,62
GoodImg/Bmp/Sample062/img062-00019.png,62,62
GoodImg/Bmp/Sample062/img062-00020.png,62,62
GoodImg/Bmp/Sample062/img062-00021.png,62,62
GoodImg/Bmp/Sample062/img062-00022.png,62,36
GoodImg/Bmp/Sample062/img062-00024.png,62,62
GoodImg/Bmp/Sample062/img062-00026.png,62,62
GoodImg/Bmp/Sample062/img062-00027.png,62,36
GoodImg/Bmp/Sample062/img062-00030.png,62,36
GoodImg/Bmp/Sample062/img062-00031.png,62,62
GoodImg/Bmp/Sample062/img062-00033.png,62,62
GoodImg/Bmp/Sample062/img062-00034.png,62,62
GoodImg/Bmp/Sample062/img062-00035.png,62,62
